grid_size,num_states,max_steps,efe_planning_horizon,agent,mean_observations,std_observations,success_rate,mean_reward,std_reward,time_s
3,9,27,2,NavMyopic,31.748,57.282194697247185,0.9106666666666666,2.3393333333333333,33.96268324041681,0.26283717155456543
3,9,27,2,NavInfoGain,43.809333333333335,72.0365253156727,0.832,-5.264666666666667,43.33620062821485,21.995893955230713
3,9,27,2,NavEFE,36.3,66.36681399615323,0.8653333333333333,-0.8433333333333334,39.85786984886283,159.24478006362915
5,25,75,2,NavMyopic,69.83466666666666,75.93349281809415,0.792,-19.077333333333332,45.26429077711873,0.8365192413330078
5,25,75,2,NavInfoGain,81.092,80.98551847501297,0.736,-25.826,48.427465251308234,50.2162880897522
5,25,75,2,NavEFE,81.06666666666666,80.78345265103628,0.7306666666666667,-25.92,48.48569823497784,530.9557390213013
7,49,147,2,NavMyopic,96.50933333333333,81.29648975338495,0.68,-34.654666666666664,49.006735029200044,1.775012731552124
7,49,147,2,NavInfoGain,111.9,81.57788507514358,0.6213333333333333,-43.52333333333333,49.24489606942926,73.79975700378418
7,49,147,2,NavEFE,110.364,82.02548894906592,0.616,-42.862,49.649443998229565,752.7393517494202
