,agent,mean_observations,std_observations,mean_final_entropy,mean_confidence,success_rate,mean_reward,std_reward
Myopic,MyopicAgent,1.0,0.0,0.8112781244591326,0.75,0.7498,0.39960000000000007,0.8662562207568844
Planning,PlanningAgent,3.1602,1.9141410501841292,0.4689955935892813,0.9000000000000001,0.8968,0.47758,0.6375463462368834
InfoGain,InformationGainAgent,3.215,1.9920278612509414,0.4689955935892813,0.9000000000000001,0.8969,0.4723,0.641947591318793
InfoGain-Tuned,InformationGainAgent,9.8894,5.248596730555701,0.03840357372598145,0.9959016393442627,0.9964,0.0038599999999999524,0.5362696153988218
Planning+IG,PlanningInfoGainAgent,11.9674,5.93890033928841,0.015004738487465608,0.9986301369863017,0.9978,-0.20114000000000012,0.6010613116812629
EpistemicOnly,EpistemicOnlyAgent,3.186,1.9334435600761664,0.4689955935892813,0.9000000000000001,0.9009,0.4832,0.6272844330923573
EFE,EFEAgent,5.575,3.4553400700944037,0.22228483068568794,0.964285714285714,0.9615,0.36550000000000005,0.5269248048820628
Thompson,ThompsonSamplingAgent,3.1744,1.9210373864139134,0.4689955935892813,0.9000000000000001,0.898,0.47856000000000004,0.6354308195232585
PyMDP-AIF,PyMDPAgent,3.2104,1.9826577717800922,0.4689955935892813,0.9000000000000001,0.8978,0.47456000000000004,0.6350187449201795
