env_id,alpha,p,cost,horizon,best_w,best_reward,w1_reward,ratio,near_optimal
0,19.352465823520763,0.9302857225639665,3.686770314875885,1,50.0,1.2992220568929116,-5.89824980898834,-4.539831953818579,False
0,19.352465823520763,0.9302857225639665,3.686770314875885,2,0.01,1.7416344946780173,1.5941636820829819,0.91532619901267,True
0,19.352465823520763,0.9302857225639665,3.686770314875885,3,1.0,1.4466928694879464,1.4466928694879464,1.0,True
1,30.334265725654795,0.6124074561769747,0.864373149647393,1,50.0,-49.73786304344284,-135.00199548765949,2.7142701199234045,False
1,30.334265725654795,0.6124074561769747,0.864373149647393,2,50.0,-20.659759048555106,-81.50461096429608,3.9450901035555064,False
1,30.334265725654795,0.6124074561769747,0.864373149647393,3,50.0,-43.95505886211443,-65.22802112587357,1.4839707377139848,False
2,3.8460969962417737,0.8964704583099741,3.0454635575417233,1,0.01,5.016097643961568,3.0776588454648586,0.6135564065762908,False
2,3.8460969962417737,0.8964704583099741,3.0454635575417233,2,0.01,5.016097643961568,1.3562124357465029,0.27037201665703736,False
2,3.8460969962417737,0.8964704583099741,3.0454635575417233,3,1.0,2.812706004201533,2.812706004201533,1.0,True
3,35.69555631200623,0.558233797718321,4.852558275593773,1,0.01,-119.61744973641497,-207.6867848852299,1.736258257828449,False
3,35.69555631200623,0.558233797718321,4.852558275593773,2,2.0,-132.81640824603,-145.553607460595,1.0959007955626276,False
3,35.69555631200623,0.558233797718321,4.852558275593773,3,5.0,-118.33228805225127,-162.5610579576825,1.3737675543457877,False
4,41.78968939922066,0.6349356442713104,0.9909423393147931,1,50.0,-45.98904135889371,-162.14969993619744,3.525833440858182,False
4,41.78968939922066,0.6349356442713104,0.9909423393147931,2,50.0,-38.93733583480807,-121.42117060275156,3.1183738691800014,False
4,41.78968939922066,0.6349356442713104,0.9909423393147931,3,50.0,-22.17819931727312,-57.000712308402846,2.5701235475870576,False
5,9.986820982818257,0.6716968971838151,2.6713065149979656,1,0.01,-21.237041070325436,-36.61859044627099,1.724279306378431,False
5,9.986820982818257,0.6716968971838151,2.6713065149979656,2,0.01,-18.477844153700914,-36.11707671077539,1.9546152900927856,False
5,9.986820982818257,0.6716968971838151,2.6713065149979656,3,0.01,-14.677696048138483,-18.43131087766627,1.255735969542975,False
6,22.165305913463673,0.6664916560792168,3.0980791841396598,1,50.0,-42.602789372406214,-76.49318047260888,1.7954969991273257,False
6,22.165305913463673,0.6664916560792168,3.0980791841396598,2,50.0,-35.319437684870124,-64.40494044484844,1.823498466184181,False
6,22.165305913463673,0.6664916560792168,3.0980791841396598,3,1.0,-28.607797843995932,-28.607797843995932,1.0,True
7,7.83519917195005,0.6668578594140873,1.8951730321390894,1,50.0,-14.446059969956728,-23.70189005115927,1.6407165760388482,False
7,7.83519917195005,0.6668578594140873,1.8951730321390894,2,0.5,-11.337976197248622,-21.788601361017548,1.9217363823982072,False
7,7.83519917195005,0.6668578594140873,1.8951730321390894,3,1.0,-7.500668843326347,-7.500668843326347,1.0,True
8,23.34742922663476,0.8640703845572054,1.0784015325759628,1,50.0,0.558091656550966,-25.164802449864627,-45.09080570274845,False
8,23.34742922663476,0.8640703845572054,1.0784015325759628,2,0.5,7.454972383120728,7.282428137908573,0.9768551462909745,True
8,23.34742922663476,0.8640703845572054,1.0784015325759628,3,0.5,5.686393869696149,5.470713563180957,0.9620708112280804,True
9,26.19748748226697,0.786965827544817,0.3276070223279889,1,5.0,8.283339203001338,-39.28308449040853,-4.742421326434986,False
9,26.19748748226697,0.786965827544817,0.3276070223279889,2,5.0,8.2571306412151,-7.248896432771667,-0.877895330441924,False
9,26.19748748226697,0.786965827544817,0.3276070223279889,3,0.01,8.466799135505012,3.1190316053034564,0.368383795975977,False
10,30.76969774317048,0.6182096494749166,0.41875280562786965,1,50.0,-31.50151294596217,-111.14360422967572,3.528198928741357,False
10,30.76969774317048,0.6182096494749166,0.41875280562786965,2,50.0,-22.076655844816464,-67.85528535722017,3.0736215590891858,False
10,30.76969774317048,0.6182096494749166,0.41875280562786965,3,50.0,-0.33481924289582,-57.10716939029041,170.56119264943047,False
11,47.49539132541333,0.9362528132298237,4.06114700577066,1,50.0,1.0654765873045489,-52.25561659626665,-49.04435932136559,False
11,47.49539132541333,0.9362528132298237,4.06114700577066,2,0.5,1.0654765873045489,-8.633601677778119,-8.10304213217812,False
11,47.49539132541333,0.9362528132298237,4.06114700577066,3,1.0,1.5528142279970283,1.5528142279970283,1.0,True
12,15.926074689495163,0.5890688456025536,3.452741829909569,1,0.01,-57.771825649991186,-64.54225552578924,1.117192589980045,False
12,15.926074689495163,0.5890688456025536,3.452741829909569,2,50.0,-49.270441025475385,-63.22562979666066,1.283236530478177,False
12,15.926074689495163,0.5890688456025536,3.452741829909569,3,0.01,-39.39101555817104,-62.53508143067874,1.587546818596984,False
13,22.567472193240462,0.5988152939379116,2.526366859545224,1,50.0,-72.6557723165628,-100.93673894845135,1.3892459708317153,False
13,22.567472193240462,0.5988152939379116,2.526366859545224,2,0.01,-40.70793324714117,-62.290387210042375,1.5301780817972843,False
13,22.567472193240462,0.5988152939379116,2.526366859545224,3,2.0,-43.71066931880748,-52.43027547543102,1.1994846176576786,False
14,2.6850375346457014,0.9137281608315128,1.368021909840083,1,5.0,7.894970583230776,6.420955569372498,0.8132969593339405,False
14,2.6850375346457014,0.9137281608315128,1.368021909840083,2,0.5,7.045072674745422,6.14390253863547,0.8720850475623353,False
14,2.6850375346457014,0.9137281608315128,1.368021909840083,3,5.0,6.935630921958216,6.034460785848264,0.8700665957790737,False
15,33.463591933345114,0.6746844304357644,2.648333303771273,1,50.0,-21.688169906831853,-96.03910910380662,4.428179487544219,False
15,33.463591933345114,0.6746844304357644,2.648333303771273,2,50.0,-39.082391770162545,-75.45983547908669,1.9307885741193687,False
15,33.463591933345114,0.6746844304357644,2.648333303771273,3,0.01,-18.61610327445718,-20.628836585323352,1.108117863399899,False
16,27.788803687820703,0.6239417822102108,4.850964676046337,1,2.0,-98.49065795220085,-110.00617942732916,1.1169199365153697,False
16,27.788803687820703,0.6239417822102108,4.850964676046337,2,50.0,-65.04108020940821,-90.01250903008331,1.3839331810030882,False
16,27.788803687820703,0.6239417822102108,4.850964676046337,3,0.5,-47.185682235590235,-82.31436242210064,1.7444775305169642,False
17,38.98150834469461,0.9257995766256756,4.48465401709548,1,1.0,-2.4809556860344006,-2.4809556860344006,1.0,True
17,38.98150834469461,0.9257995766256756,4.48465401709548,2,2.0,0.31314732307376403,-0.22501115897769353,-0.7185472855684945,False
17,38.98150834469461,0.9257995766256756,4.48465401709548,3,2.0,-0.04562499829387434,-1.1219419623967894,24.590509684411813,False
18,30.29709896174317,0.9187496940092467,0.5336132600544056,1,50.0,8.121681324608494,-21.830712221797565,-2.6879547903032157,False
18,30.29709896174317,0.9187496940092467,0.5336132600544056,2,1.0,8.783361767075954,8.783361767075954,1.0,True
18,30.29709896174317,0.9187496940092467,0.5336132600544056,3,5.0,8.185714915815021,7.993614142195436,0.9765321935108635,True
19,10.603160258538114,0.5680909155642153,1.6941186207399954,1,5.0,-31.144863499769585,-49.70991991343057,1.5960872621515367,False
19,10.603160258538114,0.5680909155642153,1.6941186207399954,2,50.0,-26.67363217584068,-34.804159720567974,1.3048151631966876,False
19,10.603160258538114,0.5680909155642153,1.6941186207399954,3,50.0,-32.55253424851463,-46.390689251604854,1.4251022331301795,False
20,20.045187194784617,0.6585396127095584,4.160813794844454,1,2.0,-48.878300501284464,-90.96867489085368,1.8611259793794002,False
20,20.045187194784617,0.6585396127095584,4.160813794844454,2,0.01,-31.731047261325585,-57.48456955044846,1.8116190454423409,False
20,20.045187194784617,0.6585396127095584,4.160813794844454,3,0.01,-33.94289407875716,-58.03209084994226,1.7096977857954985,False
21,18.480913007985876,0.6623738038749524,2.7592108074754176,1,0.01,-43.4095846282387,-43.4095846282387,1.0,True
21,18.480913007985876,0.6623738038749524,2.7592108074754176,2,2.0,-18.862229753402296,-37.349826870697015,1.9801384756200415,False
21,18.480913007985876,0.6623738038749524,2.7592108074754176,3,50.0,-22.989655238501754,-30.009441415602982,1.3053454305545606,False
22,7.9052870237633694,0.8708787923016158,0.46529815403087704,1,50.0,8.287702793166373,-2.932699987299594,-0.35386162613333,False
22,7.9052870237633694,0.8708787923016158,0.46529815403087704,2,0.01,8.846060578003426,7.158062804056928,0.8091808484622108,False
22,7.9052870237633694,0.8708787923016158,0.46529815403087704,3,0.01,8.194643162360196,8.10158353155402,0.9886438458682839,True
23,49.35745989342535,0.8588979077186629,1.073706839517445,1,50.0,-4.409267610335546,-41.43116673294279,9.396382890397952,False
23,49.35745989342535,0.8588979077186629,1.073706839517445,2,50.0,5.447483000446034,-53.13469310769438,-9.753989705583985,False
23,49.35745989342535,0.8588979077186629,1.073706839517445,3,5.0,6.005810556995106,5.791069189091618,0.9642443986759832,True
24,1.2705837390565176,0.8761845713819336,3.5636009848533243,1,0.01,5.074048771712764,2.803465032656247,0.552510462312708,False
24,1.2705837390565176,0.8761845713819336,3.5636009848533243,2,0.01,3.7116985282788546,3.7116985282788537,0.9999999999999998,True
24,1.2705837390565176,0.8761845713819336,3.5636009848533243,3,0.5,4.619932023901461,3.2575817804675506,0.7051146561495452,False
25,36.72135123400838,0.8585081386743783,0.4628187934970428,1,5.0,8.759645633427926,-43.272710521108785,-4.940006974251857,False
25,36.72135123400838,0.8585081386743783,0.4628187934970428,2,0.01,8.704107378208281,-6.310382108435545,-0.7249890005073123,False
25,36.72135123400838,0.8585081386743783,0.4628187934970428,3,2.0,8.278314088191001,0.4008143100714554,0.04841738375730588,False
26,18.564820698669358,0.5963476238100519,4.329206786790409,1,0.5,-64.76256130200011,-68.675525441734,1.060420157280176,False
26,18.564820698669358,0.5963476238100519,4.329206786790409,2,0.5,-55.4146686201561,-57.59595004517382,1.039362888551576,True
26,18.564820698669358,0.5963476238100519,4.329206786790409,3,50.0,-62.27149337490746,-62.44466164637908,1.0027808594605088,True
27,31.541608214550337,0.6823592099410597,0.41143591640151583,1,50.0,2.8574724912696867,-81.52793891714244,-28.53148688788125,False
27,31.541608214550337,0.6823592099410597,0.41143591640151583,2,50.0,3.7297166340408996,-69.46582695737385,-18.624961028771843,False
27,31.541608214550337,0.6823592099410597,0.41143591640151583,3,50.0,3.9930356205378694,-45.01245430471539,-11.27274048676083,False
28,16.23813376406745,0.6800733288106988,3.675070273856514,1,5.0,-24.70371104917792,-62.6276053301263,2.53514968684069,False
28,16.23813376406745,0.6800733288106988,3.675070273856514,2,0.01,-17.67533334181995,-27.871210789306154,1.5768421590874722,False
28,16.23813376406745,0.6800733288106988,3.675070273856514,3,5.0,-24.010332822076418,-42.62417537637444,1.7752430044278034,False
29,32.240316096405444,0.9048850970305305,2.413853133293552,1,50.0,-2.441310739185612,-19.00610601041791,7.785205588682286,False
29,32.240316096405444,0.9048850970305305,2.413853133293552,2,0.01,4.3998607307589594,-2.2482024885221286,-0.5109712843420664,False
29,32.240316096405444,0.9048850970305305,2.413853133293552,3,50.0,1.9860075974654083,-2.3447566138538702,-1.1806382900278458,False
30,6.860118050976784,0.835297914889198,3.8278467382227976,1,5.0,-1.6879647891995808,-6.40403561978565,3.7939391039207586,False
30,6.860118050976784,0.835297914889198,3.8278467382227976,2,5.0,-0.25862925843709744,-4.127360911566131,15.958600107767653,False
30,6.860118050976784,0.835297914889198,3.8278467382227976,3,0.01,0.3538262196785501,-1.8306528686324537,-5.173875667822457,False
31,28.502582680905316,0.8583868719818244,2.5195984221855148,1,50.0,-3.056176055187925,-10.221148030728708,3.344423831008717,False
31,28.502582680905316,0.8583868719818244,2.5195984221855148,2,1.0,3.348260165430241,3.348260165430241,1.0,True
31,28.502582680905316,0.8583868719818244,2.5195984221855148,3,50.0,0.6270938694698851,-2.1948563633778915,-3.5000443637462397,False
32,26.61390863971771,0.7210164073434199,0.22455372104606644,1,50.0,6.883194351880597,-56.49793445636857,-8.208098096334073,False
32,26.61390863971771,0.7210164073434199,0.22455372104606644,2,50.0,6.766426416936642,-40.47750035189034,-5.982108997826904,False
32,26.61390863971771,0.7210164073434199,0.22455372104606644,3,0.5,8.499981143412276,-13.420484940366883,-1.5788840838509548,False
33,6.286679922671918,0.5625716742746938,3.2184110151925243,1,50.0,-16.53578676774266,-34.023818582155265,2.0575869210243773,False
33,6.286679922671918,0.5625716742746938,3.2184110151925243,2,2.0,-16.53578676774266,-31.109146613086494,1.8813224341869812,False
33,6.286679922671918,0.5625716742746938,3.2184110151925243,3,50.0,-23.82246669041458,-35.481154566689646,1.4893988530988758,False
34,16.403443072740007,0.7534282764658811,4.547075722237856,1,5.0,-15.431207409525864,-43.276716325909874,2.8044932050614944,False
34,16.403443072740007,0.7534282764658811,4.547075722237856,2,1.0,-6.576266694593025,-6.576266694593025,1.0,True
34,16.403443072740007,0.7534282764658811,4.547075722237856,3,50.0,-13.28102769785782,-19.2009288849112,1.4457411972725753,False
35,13.215319228294872,0.7141531692142519,3.8022005788609388,1,50.0,-21.61222470250451,-33.60509441808658,1.5549113930039924,False
35,13.215319228294872,0.7141531692142519,3.8022005788609388,2,1.0,-10.239969319868614,-10.239969319868614,1.0,True
35,13.215319228294872,0.7141531692142519,3.8022005788609388,3,1.0,-8.61360965944514,-8.61360965944514,1.0,True
36,12.2111101090895,0.5807919639315172,1.5197821192774634,1,0.01,-49.64866659927127,-60.21755468654288,1.2128735535352069,False
36,12.2111101090895,0.5807919639315172,1.5197821192774634,2,0.01,-33.131028067331556,-48.49802992007017,1.463825083287743,False
36,12.2111101090895,0.5807919639315172,1.5197821192774634,3,1.0,-28.150540447551247,-28.150540447551247,1.0,True
37,8.899843075446217,0.9218790609370292,4.059789859865643,1,0.5,3.9602415250451135,0.0003042948666263712,7.683745163065648e-05,False
37,8.899843075446217,0.9218790609370292,4.059789859865643,2,1.0,0.9060707139009598,0.9060707139009598,1.0,True
37,8.899843075446217,0.9218790609370292,4.059789859865643,3,1.0,0.7436791195063341,0.7436791195063341,1.0,True
38,32.03678406901075,0.8985842360750871,4.037993176805661,1,50.0,0.3088163756664138,-20.46742043201427,-66.27699191095799,False
38,32.03678406901075,0.8985842360750871,4.037993176805661,2,5.0,-0.17574280555026556,-19.35173433866781,110.11394906366662,False
38,32.03678406901075,0.8985842360750871,4.037993176805661,3,0.5,0.30881637566641407,0.3088163756664138,0.9999999999999991,True
39,10.141932885415756,0.9070235993959911,2.742776985386689,1,50.0,1.4083708168197304,-8.341483024968744,-5.922788888657044,False
39,10.141932885415756,0.9070235993959911,2.742776985386689,2,2.0,3.856179552733818,3.4173352350719473,0.8861971255070957,True
39,10.141932885415756,0.9070235993959911,2.742776985386689,3,0.01,4.18531279098022,2.978490917410077,0.7116531227556114,False
40,40.564567603039066,0.9084365199693972,1.658217027362133,1,50.0,6.351922539803308,0.028869452030054744,0.004544994346065925,False
40,40.564567603039066,0.9084365199693972,1.658217027362133,2,0.5,6.086607815425366,5.821293091047425,0.9564100838392199,True
40,40.564567603039066,0.9084365199693972,1.658217027362133,3,1.0,4.229404744779776,4.229404744779776,1.0,True
41,6.392544301856161,0.6411740650167767,2.192828164268656,1,5.0,-6.977916767980978,-21.763005371693303,3.118839919609748,False
41,6.392544301856161,0.6411740650167767,2.192828164268656,2,0.5,-8.419169667107278,-24.244201498337105,2.879642821911096,False
41,6.392544301856161,0.6411740650167767,2.192828164268656,3,0.01,-12.766983121650227,-15.724000842392694,1.2316144458378708,False
42,41.08272353020216,0.8942922333025374,0.13406543960283446,1,2.0,9.694330797705538,1.2616982389127651,0.13014804892065215,False
42,41.08272353020216,0.8942922333025374,0.13406543960283446,2,1.0,9.646067239448517,9.646067239448517,1.0,True
42,41.08272353020216,0.8942922333025374,0.13406543960283446,3,0.01,9.512001799845683,9.463738241588663,0.9949260356260863,True
43,26.026617826300722,0.7169644012595116,1.1883282713065784,1,50.0,-1.9783489747703071,-23.62026966286744,11.939384792114259,False
43,26.026617826300722,0.7169644012595116,1.1883282713065784,2,50.0,-6.7657418389510315,-53.49887534030395,7.907318460232363,False
43,26.026617826300722,0.7169644012595116,1.1883282713065784,3,50.0,-1.1227526194295714,-18.08580005694836,16.108446102879796,False
44,6.873402999350457,0.6850460685614512,4.720257549171344,1,2.0,-10.467063547872263,-21.489827746962902,2.053090405793069,False
44,6.873402999350457,0.6850460685614512,4.720257549171344,2,0.5,-13.616424747612449,-16.76578594735263,1.2312913454240182,False
44,6.873402999350457,0.6850460685614512,4.720257549171344,3,0.01,-13.616424747612445,-16.76578594735263,1.2312913454240184,False
45,16.836943669017007,0.7575162486973465,3.5447928985863717,1,50.0,-8.619906459026646,-39.92084643803059,4.631238938356,False
45,16.836943669017007,0.7575162486973465,3.5447928985863717,2,2.0,-9.04528160685701,-18.47132236477612,2.0420947813027133,False
45,16.836943669017007,0.7575162486973465,3.5447928985863717,3,0.5,-10.440602931074531,-20.694798149437343,1.9821458862153534,False
46,18.817850516585406,0.9387128330883843,4.815991745216345,1,1.0,1.220438151466575,1.220438151466575,1.0,True
46,18.817850516585406,0.9387128330883843,4.815991745216345,2,2.0,-0.5951818394759587,-1.365740518710574,2.294660939105721,False
46,18.817850516585406,0.9387128330883843,4.815991745216345,3,0.01,-0.4025421696673051,-0.5951818394759589,1.4785577371132756,True
47,13.337332495442844,0.7488994023569542,1.5743037181021715,1,50.0,-7.544444616086038,-34.58630120443069,4.584340261533211,False
47,13.337332495442844,0.7488994023569542,1.5743037181021715,2,50.0,-1.5868753652319836,-20.59308179482772,12.97712614740682,False
47,13.337332495442844,0.7488994023569542,1.5743037181021715,3,1.0,-0.9908736844957734,-0.9908736844957734,1.0,True
48,14.957184224495913,0.5647547789418131,3.086865236501495,1,1.0,-47.3412915997876,-47.3412915997876,1.0,True
48,14.957184224495913,0.5647547789418131,3.086865236501495,2,5.0,-52.42265358871242,-62.86128638963038,1.1991244640688237,False
48,14.957184224495913,0.5647547789418131,3.086865236501495,3,5.0,-56.126891872514214,-61.50306568556974,1.09578605965331,False
49,25.631272138214214,0.5705915004999957,1.4653676747593962,1,1.0,-76.6854385170449,-76.6854385170449,1.0,True
49,25.631272138214214,0.5705915004999957,1.4653676747593962,2,1.0,-48.88955614750451,-48.88955614750451,1.0,True
49,25.631272138214214,0.5705915004999957,1.4653676747593962,3,5.0,-64.70015921794328,-65.63799452978928,1.0144951005249754,True
50,45.50502841236603,0.645824756266789,0.8099848732469932,1,50.0,-38.34941458577145,-130.3250701103451,3.3983587889943654,False
50,45.50502841236603,0.645824756266789,0.8099848732469932,2,50.0,-20.719385068721426,-150.8386457761544,7.280073480745561,False
50,45.50502841236603,0.645824756266789,0.8099848732469932,3,50.0,-29.178006483017757,-33.23031018685045,1.1388821304906909,False
51,24.98318525360059,0.9442601816442402,1.2860708304063522,1,50.0,7.016315673457264,-27.66253018544717,-3.9426005717066834,False
51,24.98318525360059,0.9442601816442402,1.2860708304063522,2,0.01,7.324972672754789,7.170644173106025,0.9789311842455347,True
51,24.98318525360059,0.9442601816442402,1.2860708304063522,3,5.0,7.22208700632228,2.0254499556021623,0.28045216761153186,False
52,33.93464182288805,0.854647846131487,1.2644239655627585,1,50.0,5.0434580549939865,-12.225209059295585,-2.423973576461153,False
52,33.93464182288805,0.854647846131487,1.2644239655627585,2,50.0,4.992881096371476,-0.5778924267758456,-0.11574327840409075,False
52,33.93464182288805,0.854647846131487,1.2644239655627585,3,0.01,5.346919806729049,-1.8423163923386017,-0.34455657816675384,False
53,36.68260108198112,0.6971132530877013,3.19829856990854,1,1.0,-83.63654116666322,-83.63654116666322,1.0,True
53,36.68260108198112,0.6971132530877013,3.19829856990854,2,50.0,-32.56694372541796,-53.24606082407357,1.6349726051362905,False
53,36.68260108198112,0.6971132530877013,3.19829856990854,3,2.0,-30.39210069788015,-71.40093229256615,2.3493253395789906,False
54,32.04295582728384,0.7643098736299034,0.5424198732666007,1,50.0,5.682337808797858,-89.67128735511815,-15.780703360557297,False
54,32.04295582728384,0.7643098736299034,0.5424198732666007,2,50.0,4.532407677472665,-18.213501846141522,-4.018504764403195,False
54,32.04295582728384,0.7643098736299034,0.5424198732666007,3,1.0,7.157719864083012,7.157719864083012,1.0,True
55,41.92982228387266,0.6783120259886943,1.0139407009592858,1,50.0,-17.149105410988437,-154.14726537967536,8.988647610790483,False
55,41.92982228387266,0.6783120259886943,1.0139407009592858,2,50.0,-1.193905338590513,-45.04430037998551,37.72853585960458,False
55,41.92982228387266,0.6783120259886943,1.0139407009592858,3,50.0,-10.631579984170846,-32.130922410465445,3.0222151795221928,False
56,2.997981936183432,0.7863571772752967,3.420065373027184,1,5.0,-0.6164328581573614,-3.8148184071041067,6.188538389253529,False
56,2.997981936183432,0.7863571772752967,3.420065373027184,2,0.01,-0.6164328581573614,-1.4160292453940477,2.2971345973133825,False
56,2.997981936183432,0.7863571772752967,3.420065373027184,3,1.0,0.18316352907932504,0.18316352907932504,1.0,True
57,1.8128036174649513,0.7548372233197124,1.209829298469896,1,0.01,4.289684913586183,0.9143205726282412,0.21314399333443532,False
57,1.8128036174649513,0.7548372233197124,1.209829298469896,2,0.5,4.90663845403276,3.3641357993701773,0.6856294448606048,False
57,1.8128036174649513,0.7548372233197124,1.209829298469896,3,0.5,3.7331238351079836,2.0938348365678094,0.5608800910584429,False
58,32.613466730063045,0.6197465716019966,3.4855949167020834,1,1.0,-94.32599510689123,-94.32599510689123,1.0,True
58,32.613466730063045,0.6197465716019966,3.4855949167020834,2,0.01,-63.749500797581376,-98.33893410432101,1.5425835947573716,False
58,32.613466730063045,0.6197465716019966,3.4855949167020834,3,50.0,-67.62301599834312,-72.95147137767489,1.0787964763278575,False
59,19.950031968726332,0.9246919954946937,0.773852626315367,1,50.0,7.430809280632981,-20.10389738253223,-2.7054788547634097,False
59,19.950031968726332,0.9246919954946937,0.773852626315367,2,0.5,8.266570117053577,4.01465551320308,0.4856494841701057,False
59,19.950031968726332,0.9246919954946937,0.773852626315367,3,2.0,7.399855175580367,7.337946965475138,0.9916338619288757,True
60,17.712251201462667,0.5953894084962357,4.630998729564958,1,50.0,-54.51020257424548,-58.252652814538024,1.0686559591334328,False
60,17.712251201462667,0.5953894084962357,4.630998729564958,2,0.5,-54.95296865187158,-63.73454877673484,1.1598017421132385,False
60,17.712251201462667,0.5953894084962357,4.630998729564958,3,1.0,-62.029737977450885,-62.029737977450885,1.0,True
61,43.98962831566807,0.6531766510860623,3.3339218255674776,1,2.0,-128.3028067725717,-155.29658376197256,1.2103911649980483,False
61,43.98962831566807,0.6531766510860623,3.3339218255674776,2,0.01,-66.58788069025061,-87.65094009603992,1.3163197144502787,False
61,43.98962831566807,0.6531766510860623,3.3339218255674776,3,0.5,-50.66272416173379,-85.32085808404126,1.6840953481235263,False
62,41.04388780985958,0.7720803246397849,2.695287833944432,1,50.0,-4.4467427899421565,-102.00939613957931,22.940251091272643,False
62,41.04388780985958,0.7720803246397849,2.695287833944432,2,2.0,-15.119041652492681,-40.56099736512399,2.6827756876003237,False
62,41.04388780985958,0.7720803246397849,2.695287833944432,3,1.0,-4.33893127658438,-4.33893127658438,1.0,True
63,12.850762254122133,0.5872411071223598,4.496357213971302,1,1.0,-36.0486439763377,-36.0486439763377,1.0,True
63,12.850762254122133,0.5872411071223598,4.496357213971302,2,1.0,-44.35910132881097,-44.35910132881097,1.0,True
63,12.850762254122133,0.5872411071223598,4.496357213971302,3,50.0,-40.68769540010178,-60.98001603375755,1.4987335958478742,False
64,45.120484801003194,0.8032405829093071,1.7612459761386334,1,50.0,0.8415209240791071,-56.3299246975431,-66.9382341968336,False
64,45.120484801003194,0.8032405829093071,1.7612459761386334,2,50.0,1.757368831671196,-12.956983619316182,-7.372944930970777,False
64,45.120484801003194,0.8032405829093071,1.7612459761386334,3,0.5,2.1800678659444674,-6.832679577119534,-3.134159116720627,False
65,18.111269156020384,0.8403822715480957,4.495840273767628,1,50.0,-2.048851933697244,-36.54063241701248,17.834686741405122,False
65,18.111269156020384,0.8403822715480957,4.495840273767628,2,0.01,-1.6891847117958338,-5.511438542999911,3.262780265836351,False
65,18.111269156020384,0.8403822715480957,4.495840273767628,3,0.01,-4.971937710147794,-10.232860428957514,2.0581232158383846,False
66,44.46723478899075,0.8619502183430495,3.2459550661560104,1,50.0,-25.84966224804632,-56.90008377074307,2.201192542662467,False
66,44.46723478899075,0.8619502183430495,3.2459550661560104,2,0.01,1.6903550306406134,1.3008404227018924,0.7695663923388318,True
66,44.46723478899075,0.8619502183430495,3.2459550661560104,3,1.0,-1.9451146434541176,-1.9451146434541176,1.0,True
67,5.122858284757393,0.6146514856378456,4.502915523782689,1,0.01,-12.871490378054865,-16.545205348909303,1.285414886928549,False
67,5.122858284757393,0.6146514856378456,4.502915523782689,2,0.01,-9.197775407200432,-20.21892031976374,2.198240272744153,False
67,5.122858284757393,0.6146514856378456,4.502915523782689,3,5.0,-10.422347064151909,-16.545205348909303,1.5874740350776857,False
68,30.715023923319908,0.5536788206466519,0.5972105600435573,1,0.01,-85.74228233000329,-142.82932539197915,1.6657980346529653,False
68,30.715023923319908,0.5536788206466519,0.5972105600435573,2,50.0,-80.88035973424732,-119.48782215747127,1.4773403895590775,False
68,30.715023923319908,0.5536788206466519,0.5972105600435573,3,0.01,-82.76754510398497,-102.44154686282394,1.2377018882718045,False
69,33.511586686294734,0.5520246335384875,0.8879594519457434,1,0.01,-108.22735418534783,-149.64125820890152,1.382656532031903,False
69,33.511586686294734,0.5520246335384875,0.8879594519457434,2,5.0,-131.2430007721836,-138.03876297520904,1.0517799971277841,False
69,33.511586686294734,0.5520246335384875,0.8879594519457434,3,2.0,-101.77502377294071,-121.27435093007132,1.1915924598616008,False
70,27.88795567896272,0.8267580790770773,3.2946101715627427,1,50.0,-4.738930802443202,-33.737748122110546,7.119274268515741,False
70,27.88795567896272,0.8267580790770773,3.2946101715627427,2,0.01,-5.134284023030732,-10.516521938235746,2.0482937622971464,False
70,27.88795567896272,0.8267580790770773,3.2946101715627427,3,5.0,-3.969147127426029,-5.286991196051124,1.3320219750784876,False
71,11.98919616356743,0.8348716885390143,1.2625205287343204,1,50.0,4.343908031270245,-4.251716692301749,-0.9787768667511275,False
71,11.98919616356743,0.8348716885390143,1.2625205287343204,2,0.01,4.069106571427908,-4.128417695907532,-1.0145759575077462,False
71,11.98919616356743,0.8348716885390143,1.2625205287343204,3,5.0,5.15192116966021,4.596412137017109,0.8921743919696389,False
72,16.944585209804117,0.8485965620472097,3.283201205331352,1,50.0,-2.650552368675355,-18.405620499057115,6.944069740548285,False
72,16.944585209804117,0.8485965620472097,3.283201205331352,2,0.5,1.595004914351739,-1.3372718865428141,-0.83841239265794,False
72,16.944585209804117,0.8485965620472097,3.283201205331352,3,0.5,1.463676866138485,-12.89199130170481,-8.807949076709013,False
73,42.61194711421472,0.8130451569201373,2.884712156343811,1,50.0,-13.607504149577009,-45.21904869340149,3.323096447103206,False
73,42.61194711421472,0.8130451569201373,2.884712156343811,2,50.0,-3.500452891689037,-24.359750792545263,6.959028316130604,False
73,42.61194711421472,0.8130451569201373,2.884712156343811,3,5.0,-2.577345001659017,-20.714454764867423,8.037129197501184,False
74,5.5900636235765315,0.6970863212237735,1.3994916016404548,1,0.5,0.692432050067707,-7.215644298224131,-10.420725466879492,False
74,5.5900636235765315,0.6970863212237735,1.3994916016404548,2,0.01,-0.8445180925635148,-5.806190219890562,6.875151960647767,False
74,5.5900636235765315,0.6970863212237735,1.3994916016404548,3,0.01,-3.928380854519073,-10.854322462489314,2.7630524800065857,False
75,12.955492525575096,0.9392042219009782,2.0261788508671263,1,2.0,7.973821149132873,5.182722644017855,0.6499672549818175,False
75,12.955492525575096,0.9392042219009782,2.0261788508671263,2,0.5,5.704500836161692,5.380312220022952,0.9431696785661491,True
75,12.955492525575096,0.9392042219009782,2.0261788508671263,3,2.0,5.623453682127007,5.2992650659882665,0.9423506203724755,True
76,44.71028120367855,0.8024554503989051,3.9945753873540775,1,50.0,-20.108055628039487,-94.5571940354469,4.702453374138896,False
76,44.71028120367855,0.8024554503989051,3.9945753873540775,2,0.01,-9.847518278844637,-28.77076282229271,2.921625734282795,False
76,44.71028120367855,0.8024554503989051,3.9945753873540775,3,50.0,-8.055480750840431,-17.67688603805863,2.1943924372501784,False
77,25.629217562154412,0.7807615538505437,2.513336699712433,1,50.0,-13.419437459400925,-67.07514587374479,4.99835750020621,False
77,25.629217562154412,0.7807615538505437,2.513336699712433,2,2.0,-8.593830995953054,-34.72038121816499,4.040151736113413,False
77,25.629217562154412,0.7807615538505437,2.513336699712433,3,2.0,-1.66188228666569,-17.43834588798134,10.493129403869325,False
78,10.56690640210418,0.8389808461046021,1.4757845759601935,1,50.0,3.270422333621517,-9.98283481932688,-3.0524604472940786,False
78,10.56690640210418,0.8389808461046021,1.4757845759601935,2,1.0,5.749740421234642,5.749740421234642,1.0,True
78,10.56690640210418,0.8389808461046021,1.4757845759601935,3,0.5,3.919767547044002,3.801704780967187,0.9698801613463408,True
79,2.191482355141238,0.8081889183628671,0.9678423290945399,1,5.0,5.202378844735976,3.2874894316512324,0.6319204213621769,False
79,2.191482355141238,0.8081889183628671,0.9678423290945399,2,1.0,7.173900399043943,7.173900399043943,1.0,True
79,2.191482355141238,0.8081889183628671,0.9678423290945399,3,0.5,6.535603928015696,6.2070170022977,0.9497235558737783,True
80,47.0824706332928,0.9315714308010349,4.582835512080198,1,50.0,-19.13191295941035,-61.89829439869011,3.235342672215347,False
80,47.0824706332928,0.9315714308010349,4.582835512080198,2,2.0,0.4677021348731881,-0.26555154705964357,-0.5677792065919149,False
80,47.0824706332928,0.9315714308010349,4.582835512080198,3,50.0,0.4677021348731881,0.10107529390677229,0.21611039670404253,True
81,19.137776312516774,0.556182646611547,4.648760956679855,1,0.01,-79.22742146925032,-95.33764251926374,1.2033414788876615,False
81,19.137776312516774,0.556182646611547,4.648760956679855,2,0.5,-59.08964515673353,-91.3100872567604,1.5452806835201514,False
81,19.137776312516774,0.556182646611547,4.648760956679855,3,0.01,-59.08964515673353,-95.33764251926374,1.61344076896017,False
82,21.9810232675484,0.9366619276174678,4.821737887737339,1,50.0,-0.9935623840411334,-17.80276115528574,17.91811107308256,False
82,21.9810232675484,0.9366619276174678,4.821737887737339,2,0.01,-0.22208432200315945,-0.9935623840411334,4.473806953500295,False
82,21.9810232675484,0.9366619276174678,4.821737887737339,3,1.0,-0.6078233530221462,-0.6078233530221462,1.0,True
83,42.79746331790064,0.6677795568278343,1.986978870149434,1,50.0,-71.99781452953764,-175.93632480533208,2.4436342402192346,False
83,42.79746331790064,0.6677795568278343,1.986978870149434,2,50.0,-30.505246701010336,-119.62706291304781,3.921524191741277,False
83,42.79746331790064,0.6677795568278343,1.986978870149434,3,50.0,-18.23188559104458,-72.95156438720936,4.00131758302843,False
84,42.70569690432599,0.6767688020625111,0.9305144587618532,1,50.0,-24.672489428153217,-104.56532641000942,4.238134409359288,False
84,42.70569690432599,0.6767688020625111,0.9305144587618532,2,50.0,-10.242298091161702,-63.539511146917555,6.203638146574464,False
84,42.70569690432599,0.6767688020625111,0.9305144587618532,3,2.0,-4.138123241683948,-30.808188324485233,7.444966359181777,False
85,28.283261860459156,0.9244619096643123,3.510546003707368,1,50.0,1.434267750954022,-11.080503119982863,-7.725547139027926,False
85,28.283261860459156,0.9244619096643123,3.510546003707368,2,0.01,1.574689591102317,-15.433580164579997,-9.801030153362577,False
85,28.283261860459156,0.9244619096643123,3.510546003707368,3,1.0,1.574689591102317,1.574689591102317,1.0,True
86,28.932997334378882,0.5888705975083075,3.113535410825932,1,5.0,-100.8723258145899,-124.81872368209301,1.237393137058406,False
86,28.932997334378882,0.5888705975083075,3.113535410825932,2,2.0,-96.7452361161197,-97.11886036541881,1.0038619395052244,True
86,28.932997334378882,0.5888705975083075,3.113535410825932,3,0.5,-65.42506024479744,-107.93674063891307,1.6497767099495508,False
87,49.5126386551089,0.6060336060946097,2.6398152965823103,1,50.0,-144.177731261909,-184.58784218599612,1.280279836354751,False
87,49.5126386551089,0.6060336060946097,2.6398152965823103,2,0.5,-140.93872330200125,-143.78972382231012,1.0202286529458606,True
87,49.5126386551089,0.6060336060946097,2.6398152965823103,3,5.0,-79.40758641695521,-105.52582814334318,1.3289136832499315,False
88,43.991280524469815,0.8463074471016817,3.5153771308768134,1,50.0,-0.2649012221602953,-65.5014259700285,247.26736039893657,False
88,43.991280524469815,0.8463074471016817,3.5153771308768134,2,0.01,-0.26490122216029516,-9.263157327054255,34.96834499860857,False
88,43.991280524469815,0.8463074471016817,3.5153771308768134,3,50.0,-3.2178180120968176,-4.483353779212471,1.3932900376460369,False
89,35.42172011536835,0.6937964604879021,1.5386000368960175,1,50.0,-19.893144413631674,-86.23507233685373,4.3349141062768135,False
89,35.42172011536835,0.6937964604879021,1.5386000368960175,2,50.0,-33.66176044059308,-39.73737628307441,1.1804901396409049,False
89,35.42172011536835,0.6937964604879021,1.5386000368960175,3,2.0,-14.415728282281853,-42.26068034358388,2.9315674876812032,False
90,40.658696618447166,0.8740453578716723,4.348654361042509,1,50.0,-0.2628242920603203,-52.67082962686854,200.40320175115377,False
90,40.658696618447166,0.8740453578716723,4.348654361042509,2,50.0,-1.3065013387105222,-18.31787233497279,14.020553819754968,False
90,40.658696618447166,0.8740453578716723,4.348654361042509,3,2.0,-0.08887811761861997,-19.709441730506395,221.75809140198606,False
91,45.748787075267096,0.7545369595443752,2.5574298439672782,1,50.0,-22.611933181288833,-179.55257814503565,7.940611565826391,False
91,45.748787075267096,0.7545369595443752,2.5574298439672782,2,50.0,-3.400932382388537,-73.28872640239872,21.54959821662985,False
91,45.748787075267096,0.7545369595443752,2.5574298439672782,3,2.0,-12.648392603683263,-13.773661735028863,1.0889653860853368,False
92,40.11646376937198,0.809985572311106,3.5396376985627467,1,2.0,-1.7629304524371394,-67.5492724834323,38.31647039169907,False
92,40.11646376937198,0.809985572311106,3.5396376985627467,2,2.0,0.7969419837368588,-32.80415657147328,-41.16254036166432,False
92,40.11646376937198,0.809985572311106,3.5396376985627467,3,5.0,-6.140747905446126,-6.282333413388637,1.0230567204716123,True
93,39.99384080236895,0.9060021367270265,1.7561762685725255,1,0.01,0.045055570953685446,-49.14755339188905,-1090.8207875649812,False
93,39.99384080236895,0.9060021367270265,1.7561762685725255,2,2.0,6.066165158397544,5.78517695542594,0.9536794341013572,True
93,39.99384080236895,0.9060021367270265,1.7561762685725255,3,2.0,3.888506585367611,3.256283128681502,0.8374122705449039,False
94,19.403564679357256,0.5875927759363476,2.9335726908812525,1,0.01,-70.46711847243883,-70.46711847243883,1.0,True
94,19.403564679357256,0.5875927759363476,2.9335726908812525,2,0.01,-50.23347436344142,-58.86427186572532,1.1718136683088989,False
94,19.403564679357256,0.5875927759363476,2.9335726908812525,3,5.0,-44.39261781304121,-90.21920336870919,2.0323019414774297,False
95,2.761171416040362,0.7362392072529841,2.758958710067126,1,2.0,2.7276355906844403,-4.042472958188213,-1.4820428989833805,False
95,2.761171416040362,0.7362392072529841,2.758958710067126,2,2.0,-1.506529959839038,-4.794707241396285,3.182616588593144,False
95,2.761171416040362,0.7362392072529841,2.758958710067126,3,0.01,1.2231670242682946,-0.28130154214785014,-0.22997802962855896,False
96,15.040521354285936,0.7863333042276043,0.2494512247013422,1,50.0,7.764917026675975,-38.371015287559146,-4.941587290081464,False
96,15.040521354285936,0.7863333042276043,0.2494512247013422,2,5.0,8.792656072445505,-0.4026006336397518,-0.04578828403187802,False
96,15.040521354285936,0.7863333042276043,0.2494512247013422,3,2.0,8.782678023457452,5.604507899564425,0.6381320008083495,False
97,2.830061248711506,0.8790402242638633,1.8649341429151882,1,0.01,5.837029107857907,3.538992358631004,0.6063002759172047,False
97,2.830061248711506,0.8790402242638633,1.8649341429151882,2,0.5,5.3003659598537265,4.459756344394817,0.8414053629832556,False
97,2.830061248711506,0.8790402242638633,1.8649341429151882,3,0.5,5.3003659598537265,3.544549363219301,0.6687367230992328,False
98,7.225965119942354,0.7588973040219218,3.8729684101831934,1,2.0,-10.3248986500679,-15.260477722033315,1.4780268784462072,False
98,7.225965119942354,0.7588973040219218,3.8729684101831934,2,0.01,-2.9542607817233955,-8.974271008540104,3.0377382606368553,False
98,7.225965119942354,0.7588973040219218,3.8729684101831934,3,5.0,-4.444535069304538,-8.413509139402926,1.89300095695261,False
99,11.575230347345316,0.7991561903276001,0.5182025784694633,1,50.0,6.662775394656656,-18.183709342629164,-2.7291493807838623,False
99,11.575230347345316,0.7991561903276001,0.5182025784694633,2,50.0,6.123844713048414,-1.6147920132846432,-0.2636892489850235,False
99,11.575230347345316,0.7991561903276001,0.5182025784694633,3,2.0,7.7820929641506975,5.039037760155071,0.6475170347319295,False
