episode,usage,weight,w_avg,lr,budget,curve_w_star,rescaled,reward,success,variant,n_resets
0,8.0,1.0,1.0,0.05,8.0,0.8646816701021308,False,2.0,True,decay,0
1,6.0,1.0980392156862746,1.0326797385620916,0.049019607843137254,8.0,0.8646816701021308,False,4.0,True,decay,0
2,16.0,0.71342383107089,0.9528657616892912,0.04807692307692308,8.0,0.8646816701021308,False,-6.0,True,decay,0
3,8.0,0.71342383107089,0.9049773755656109,0.04716981132075472,8.0,0.8646816701021308,False,2.0,True,decay,0
4,10.0,0.6208312384782975,0.8576196860510586,0.046296296296296294,8.0,0.8646816701021308,False,0.0,True,decay,0
5,14.0,0.34810396575102476,0.7848317260081966,0.045454545454545456,8.0,0.8646816701021308,False,-4.0,True,decay,0
6,6.0,0.43738968003673906,0.7414014702617645,0.044642857142857144,8.0,0.8646816701021308,False,4.0,True,decay,0
7,6.0,0.525108978282353,0.7173689711529411,0.043859649122807015,8.0,0.8646816701021308,False,4.0,True,decay,0
8,14.0,0.2664882886271806,0.672280902900365,0.04310344827586207,8.0,0.8646816701021308,False,-4.0,True,decay,0
9,4.0,0.43597981405090946,0.6507989857322326,0.04237288135593221,8.0,0.8646816701021308,False,6.0,True,decay,0
10,16.0,0.1026464807175761,0.6051196103143446,0.04166666666666667,8.0,0.8646816701021308,False,-6.0,True,decay,0
11,6.0,0.1846136938323302,0.5727730013541896,0.04098360655737705,8.0,0.8646816701021308,False,-56.0,False,decay,0
12,4.0,0.3459040164129754,0.5565680738583886,0.040322580645161296,8.0,0.8646816701021308,False,6.0,True,decay,0
13,8.0,0.3459040164129754,0.5425238033620278,0.03968253968253969,8.0,0.8646816701021308,False,2.0,True,decay,0
14,12.0,0.1896540164129754,0.5204694416777119,0.0390625,8.0,0.8646816701021308,False,-2.0,True,decay,0
15,4.0,0.34350017025912927,0.5100594845354424,0.038461538461538464,8.0,0.8646816701021308,False,6.0,True,decay,0
16,8.0,0.34350017025912927,0.5008061892978695,0.03787878787878788,8.0,0.8646816701021308,False,2.0,True,decay,0
17,12.0,0.1942464389158457,0.48467146559355245,0.03731343283582089,8.0,0.8646816701021308,False,-2.0,True,decay,0
18,4.0,0.3413052624452575,0.47750315543613764,0.03676470588235295,8.0,0.8646816701021308,False,6.0,True,decay,0
19,10.0,0.2688414943293155,0.4675668858596223,0.03623188405797102,8.0,0.8646816701021308,False,0.0,True,decay,0
20,4.0,0.4116986371864584,0.46502742001084213,0.03571428571428572,8.0,0.8646816701021308,False,6.0,True,decay,0
21,14.0,0.20043103155265557,0.4535232292083123,0.035211267605633804,8.0,0.8646816701021308,False,-4.0,True,decay,0
22,4.0,0.33931992044154446,0.44876475800969695,0.034722222222222224,8.0,0.8646816701021308,False,6.0,True,decay,0
23,18.0,0.0,0.4308141676893091,0.03424657534246576,8.0,0.8646816701021308,False,-8.0,True,decay,0
24,6.0,0.06756756756756757,0.41684314460770366,0.033783783783783786,8.0,0.8646816701021308,False,4.0,True,decay,0
25,4.0,0.2009009009009009,0.40884528372967394,0.03333333333333333,8.0,0.8646816701021308,False,6.0,True,decay,0
26,4.0,0.332479848269322,0.40611794674894713,0.03289473684210526,8.0,0.8646816701021308,False,6.0,True,decay,0
27,10.0,0.267544783334257,0.40133956180361297,0.03246753246753247,8.0,0.8646816701021308,False,0.0,True,decay,0
28,4.0,0.3957499115393852,0.4011532401281387,0.032051282051282055,8.0,0.8646816701021308,False,-54.0,False,decay,0
29,12.0,0.26916763305837255,0.39689563990008175,0.03164556962025317,8.0,0.8646816701021308,False,-2.0,True,decay,0
30,4.0,0.39416763305837255,0.39681038968627835,0.03125,8.0,0.8646816701021308,False,6.0,True,decay,0
31,8.0,0.39416763305837255,0.3967303061520994,0.030864197530864196,8.0,0.8646816701021308,False,2.0,True,decay,0
32,8.0,0.39416763305837255,0.3966549334140486,0.03048780487804878,8.0,0.8646816701021308,False,2.0,True,decay,0
33,16.0,0.1532037776366858,0.389699186106124,0.030120481927710843,8.0,0.8646816701021308,False,-6.0,True,decay,0
34,6.0,0.21272758716049534,0.3847833083576343,0.02976190476190476,8.0,0.8646816701021308,False,4.0,True,decay,0
35,6.0,0.27155111657226005,0.38172297884992146,0.029411764705882353,8.0,0.8646816701021308,False,4.0,True,decay,0
36,10.0,0.21341158168853913,0.3772937315562009,0.029069767441860468,8.0,0.8646816701021308,False,0.0,True,decay,0
37,6.0,0.2708828460563552,0.37456524731261515,0.02873563218390805,8.0,0.8646816701021308,False,-56.0,False,decay,0
38,12.0,0.15724648241999156,0.36913227819029953,0.02840909090909091,8.0,0.8646816701021308,False,-2.0,True,decay,0
39,8.0,0.15724648241999156,0.3639643319519993,0.02808988764044944,8.0,0.8646816701021308,False,2.0,True,decay,0
40,6.0,0.21280203797554711,0.3603652297144648,0.02777777777777778,8.0,0.8646816701021308,False,-56.0,False,decay,0
41,8.0,0.21280203797554711,0.35693352758100155,0.027472527472527472,8.0,0.8646816701021308,False,2.0,True,decay,0
42,6.0,0.26714986406250363,0.354892989773763,0.027173913043478264,8.0,0.8646816701021308,False,4.0,True,decay,0
43,4.0,0.37467674578293375,0.355332628796189,0.02688172043010753,8.0,0.8646816701021308,False,6.0,True,decay,0
44,6.0,0.4278682351446359,0.3569094898037639,0.026595744680851068,8.0,0.8646816701021308,False,4.0,True,decay,0
45,8.0,0.4278682351446359,0.35841925034293143,0.026315789473684213,8.0,0.8646816701021308,False,2.0,True,decay,0
46,8.0,0.4278682351446359,0.35986610419296694,0.026041666666666668,8.0,0.8646816701021308,False,2.0,True,decay,0
47,20.0,0.11858988462917197,0.3549420997120732,0.025773195876288662,8.0,0.8646816701021308,False,-10.0,True,decay,0
48,4.0,0.22063070095570259,0.3522558717369458,0.025510204081632654,8.0,0.8646816701021308,False,6.0,True,decay,0
49,6.0,0.2711357514607531,0.350665281143295,0.025252525252525256,8.0,0.8646816701021308,False,4.0,True,decay,0
50,8.0,0.2711357514607531,0.3491358671109384,0.025,8.0,0.8646816701021308,False,-58.0,False,decay,0
51,4.0,0.37014565245085207,0.3495322781550877,0.024752475247524754,8.0,0.8646816701021308,False,6.0,True,decay,0
52,6.0,0.4191652602939893,0.35082177782432666,0.024509803921568627,8.0,0.8646816701021308,False,4.0,True,decay,0
53,6.0,0.46770894961437764,0.35294699912960026,0.024271844660194174,8.0,0.8646816701021308,False,4.0,True,decay,0
54,18.0,0.22732433422976225,0.3507037372563889,0.02403846153846154,8.0,0.8646816701021308,False,-8.0,True,decay,0
55,8.0,0.22732433422976225,0.3485391863260972,0.023809523809523808,8.0,0.8646816701021308,False,-58.0,False,decay,0
56,4.0,0.3216639568712717,0.348075820301014,0.02358490566037736,8.0,0.8646816701021308,False,6.0,True,decay,0
57,6.0,0.3683929288338885,0.34842017807275766,0.02336448598130841,8.0,0.8646816701021308,False,4.0,True,decay,0
58,6.0,0.4146892251301848,0.3495246621903815,0.023148148148148147,8.0,0.8646816701021308,False,4.0,True,decay,0
59,22.0,0.09358830769899207,0.3453289842478997,0.022935779816513766,8.0,0.8646816701021308,False,-12.0,True,decay,0
60,4.0,0.18449739860808298,0.3427349264149995,0.022727272727272728,8.0,0.8646816701021308,False,6.0,True,decay,0
61,4.0,0.27458748869817307,0.3416532210544149,0.022522522522522525,8.0,0.8646816701021308,False,6.0,True,decay,0
62,6.0,0.3192303458410302,0.3413028636292058,0.022321428571428572,8.0,0.8646816701021308,False,4.0,True,decay,0
63,6.0,0.3634781334516497,0.34164402162647417,0.022123893805309738,8.0,0.8646816701021308,False,4.0,True,decay,0
64,6.0,0.40733778257445674,0.3426393816408375,0.021929824561403508,8.0,0.8646816701021308,False,4.0,True,decay,0
65,14.0,0.27690299996576107,0.34165824161583636,0.02173913043478261,8.0,0.8646816701021308,False,-4.0,True,decay,0
66,10.0,0.233799551689899,0.3400720844110432,0.021551724137931032,8.0,0.8646816701021308,False,0.0,True,decay,0
67,4.0,0.31926963715998447,0.33977059966827416,0.02136752136752137,8.0,0.8646816701021308,False,6.0,True,decay,0
68,8.0,0.31926963715998447,0.33947772877529864,0.0211864406779661,8.0,0.8646816701021308,False,2.0,True,decay,0
69,6.0,0.36128644388267356,0.3397848937768109,0.02100840336134454,8.0,0.8646816701021308,False,4.0,True,decay,0
70,6.0,0.40295311054934024,0.3406622301208738,0.020833333333333332,8.0,0.8646816701021308,False,4.0,True,decay,0
71,8.0,0.40295311054934024,0.3415155298527706,0.02066115702479339,8.0,0.8646816701021308,False,2.0,True,decay,0
72,6.0,0.4439367171067173,0.34289959995079694,0.020491803278688527,8.0,0.8646816701021308,False,4.0,True,decay,0
73,12.0,0.3626359040985872,0.34316275067276747,0.020325203252032523,8.0,0.8646816701021308,False,-2.0,True,decay,0
74,10.0,0.3223133234534259,0.34288841610409193,0.020161290322580648,8.0,0.8646816701021308,False,0.0,True,decay,0
75,6.0,0.3623133234534259,0.34314068762810923,0.02,8.0,0.8646816701021308,False,4.0,True,decay,0
76,6.0,0.4019958631359656,0.34389524116026127,0.019841269841269844,8.0,0.8646816701021308,False,4.0,True,decay,0
77,10.0,0.3626257843958081,0.34413233664425547,0.01968503937007874,8.0,0.8646816701021308,False,0.0,True,decay,0
78,8.0,0.3626257843958081,0.34436350474114985,0.01953125,8.0,0.8646816701021308,False,2.0,True,decay,0
79,10.0,0.3238660944733275,0.344110450293399,0.01937984496124031,8.0,0.8646816701021308,False,0.0,True,decay,0
80,6.0,0.3623276329348659,0.34433261105731927,0.019230769230769232,8.0,0.8646816701021308,False,4.0,True,decay,0
81,8.0,0.3623276329348659,0.34454941854981985,0.019083969465648856,8.0,0.8646816701021308,False,2.0,True,decay,0
82,10.0,0.324448845056078,0.3443101260082277,0.01893939393939394,8.0,0.8646816701021308,False,0.0,True,decay,0
83,6.0,0.36204283001848403,0.34451874605540717,0.018796992481203006,8.0,0.8646816701021308,False,4.0,True,decay,0
84,6.0,0.3993562628543049,0.3451563915995804,0.01865671641791045,8.0,0.8646816701021308,False,4.0,True,decay,0
85,10.0,0.3623192258172679,0.3453536655561055,0.018518518518518517,8.0,0.8646816701021308,False,0.0,True,decay,0
86,8.0,0.3623192258172679,0.3455464560136187,0.018382352941176475,8.0,0.8646816701021308,False,2.0,True,decay,0
87,6.0,0.3988155761822314,0.34614498545371547,0.01824817518248175,8.0,0.8646816701021308,False,4.0,True,decay,0
88,10.0,0.3625836921242604,0.3463276377500549,0.01811594202898551,8.0,0.8646816701021308,False,0.0,True,decay,0
89,12.0,0.29064124608109493,0.3457156993800663,0.017985611510791366,8.0,0.8646816701021308,False,-2.0,True,decay,0
90,10.0,0.25492696036680923,0.34472886526035695,0.01785714285714286,8.0,0.8646816701021308,False,0.0,True,decay,0
91,4.0,0.32584894618241206,0.3445258553777984,0.017730496453900707,8.0,0.8646816701021308,False,6.0,True,decay,0
92,12.0,0.25542641097114444,0.3435779889479404,0.017605633802816902,8.0,0.8646816701021308,False,-2.0,True,decay,0
93,4.0,0.3253564809012144,0.3433861836000801,0.01748251748251748,8.0,0.8646816701021308,False,6.0,True,decay,0
94,12.0,0.25591203645676996,0.3424749945673373,0.017361111111111112,8.0,0.8646816701021308,False,-2.0,True,decay,0
95,8.0,0.25591203645676996,0.34158259293733145,0.017241379310344827,8.0,0.8646816701021308,False,-58.0,False,decay,0
96,4.0,0.32440518714170147,0.34140731328635565,0.01712328767123288,8.0,0.8646816701021308,False,6.0,True,decay,0
97,6.0,0.3584187925838783,0.341579146410573,0.017006802721088437,8.0,0.8646816701021308,False,4.0,True,decay,0
98,14.0,0.25706744123252695,0.3407340293587926,0.016891891891891893,8.0,0.8646816701021308,False,-4.0,True,decay,0
99,8.0,0.25706744123252695,0.3399056472981365,0.016778523489932886,8.0,0.8646816701021308,False,2.0,True,decay,0
100,10.0,0.22373410789919362,0.3387667106373625,0.016666666666666666,8.0,0.8646816701021308,False,-60.0,False,decay,0
101,8.0,0.22373410789919362,0.33764988925155504,0.016556291390728478,8.0,0.8646816701021308,False,-58.0,False,decay,0
102,4.0,0.28952358158340413,0.3371871362932074,0.01644736842105263,8.0,0.8646816701021308,False,-54.0,False,decay,0
103,18.0,0.12612488877294661,0.33517701965015734,0.016339869281045753,8.0,0.8646816701021308,False,-8.0,True,decay,0
104,4.0,0.19105995370801154,0.333817424688439,0.016233766233766236,8.0,0.8646816701021308,False,6.0,True,decay,0
105,4.0,0.2555760827402696,0.3330861971935963,0.016129032258064516,8.0,0.8646816701021308,False,6.0,True,decay,0
106,4.0,0.3196786468428337,0.33296205320886696,0.016025641025641028,8.0,0.8646816701021308,False,6.0,True,decay,0
107,10.0,0.2878315130848719,0.3325480115563533,0.01592356687898089,8.0,0.8646816701021308,False,0.0,True,decay,0
108,14.0,0.19289480422411243,0.33127843694424197,0.015822784810126583,8.0,0.8646816701021308,False,-4.0,True,decay,0
109,12.0,0.13000172246310615,0.32946513321017773,0.015723270440251572,8.0,0.8646816701021308,False,-2.0,True,decay,0
110,6.0,0.16125172246310615,0.32796322775707887,0.015625,8.0,0.8646816701021308,False,4.0,True,decay,0
111,4.0,0.22336352370534218,0.3270375666592759,0.015527950310559006,8.0,0.8646816701021308,False,6.0,True,decay,0
112,6.0,0.2542277212362064,0.32639888380468757,0.015432098765432098,8.0,0.8646816701021308,False,4.0,True,decay,0
113,14.0,0.1622031813589058,0.3249710950877677,0.015337423312883436,8.0,0.8646816701021308,False,-64.0,False,decay,0
114,8.0,0.1622031813589058,0.3235679234176913,0.01524390243902439,8.0,0.8646816701021308,False,-58.0,False,decay,0
115,8.0,0.1622031813589058,0.32218873758812905,0.015151515151515152,8.0,0.8646816701021308,False,2.0,True,decay,0
116,4.0,0.22244414521432748,0.3213434444324188,0.015060240963855423,8.0,0.8646816701021308,False,6.0,True,decay,0
117,4.0,0.2823243847352856,0.3210155531744597,0.014970059880239523,8.0,0.8646816701021308,False,6.0,True,decay,0
118,6.0,0.31208628949719036,0.32094114264381574,0.014880952380952382,8.0,0.8646816701021308,False,4.0,True,decay,0
119,10.0,0.28250049068062233,0.320623451305277,0.014792899408284025,8.0,0.8646816701021308,False,0.0,True,decay,0
120,6.0,0.3119122553865047,0.3205520480600411,0.014705882352941178,8.0,0.8646816701021308,False,4.0,True,decay,0
121,12.0,0.253432723222762,0.3200063624922584,0.014619883040935673,8.0,0.8646816701021308,False,-2.0,True,decay,0
122,4.0,0.3115722581064829,0.3199383455214054,0.014534883720930234,8.0,0.8646816701021308,False,6.0,True,decay,0
123,6.0,0.34047399221052915,0.32010263069491834,0.014450867052023123,8.0,0.8646816701021308,False,-56.0,False,decay,0
124,10.0,0.3117383600266211,0.3200362475943763,0.014367816091954025,8.0,0.8646816701021308,False,0.0,True,decay,0
125,18.0,0.1688812171694782,0.3188460505044165,0.014285714285714287,8.0,0.8646816701021308,False,-8.0,True,decay,0
126,10.0,0.1404721262603873,0.31745250422126,0.014204545454545456,8.0,0.8646816701021308,False,0.0,True,decay,0
127,4.0,0.19696930140163024,0.31651852590482876,0.014124293785310734,8.0,0.8646816701021308,False,6.0,True,decay,0
128,4.0,0.2531490766825291,0.3160310686031187,0.01404494382022472,8.0,0.8646816701021308,False,6.0,True,decay,0
129,6.0,0.2810820375763839,0.3157642821067314,0.013966480446927375,8.0,0.8646816701021308,False,4.0,True,decay,0
130,8.0,0.2810820375763839,0.31550153782998636,0.01388888888888889,8.0,0.8646816701021308,False,-58.0,False,decay,0
131,18.0,0.14296049061505792,0.3142042367231072,0.013812154696132598,8.0,0.8646816701021308,False,-8.0,True,decay,0
132,4.0,0.19790554556011286,0.3133363360427863,0.013736263736263736,8.0,0.8646816701021308,False,6.0,True,decay,0
133,8.0,0.19790554556011286,0.3124812931503221,0.01366120218579235,8.0,0.8646816701021308,False,2.0,True,decay,0
134,4.0,0.2522533716470694,0.3120384407863276,0.01358695652173913,8.0,0.8646816701021308,False,6.0,True,decay,0
135,4.0,0.30630742570112346,0.3119966085594283,0.013513513513513514,8.0,0.8646816701021308,False,6.0,True,decay,0
136,10.0,0.27942570527101596,0.31176058752110647,0.013440860215053764,8.0,0.8646816701021308,False,0.0,True,decay,0
137,6.0,0.30616367318545445,0.3117203219503463,0.013368983957219251,8.0,0.8646816701021308,False,4.0,True,decay,0
138,12.0,0.2529721838237523,0.31130069239229924,0.013297872340425532,8.0,0.8646816701021308,False,-2.0,True,decay,0
139,4.0,0.3058822367338052,0.31126226362876386,0.013227513227513227,8.0,0.8646816701021308,False,6.0,True,decay,0
140,20.0,0.14798749989169996,0.31011244134892535,0.013157894736842105,8.0,0.8646816701021308,False,-10.0,True,decay,0
141,6.0,0.17416551036290415,0.30916176350986224,0.013089005235602096,8.0,0.8646816701021308,False,4.0,True,decay,0
142,6.0,0.2002071770295708,0.30840513443708245,0.013020833333333334,8.0,0.8646816701021308,False,4.0,True,decay,0
143,6.0,0.22611391278086615,0.3078376087704879,0.01295336787564767,8.0,0.8646816701021308,False,4.0,True,decay,0
144,4.0,0.2776603045334435,0.30763091490585054,0.012886597938144331,8.0,0.8646816701021308,False,6.0,True,decay,0
145,8.0,0.2776603045334435,0.30742703320263687,0.012820512820512822,8.0,0.8646816701021308,False,2.0,True,decay,0
146,6.0,0.3031705086150761,0.30739827290136956,0.012755102040816327,8.0,0.8646816701021308,False,4.0,True,decay,0
147,12.0,0.25240908729527917,0.30702921796441596,0.01269035532994924,8.0,0.8646816701021308,False,-2.0,True,decay,0
148,8.0,0.25240908729527917,0.306665083759955,0.012626262626262628,8.0,0.8646816701021308,False,-58.0,False,decay,0
149,8.0,0.25240908729527917,0.3063057725250896,0.01256281407035176,8.0,0.8646816701021308,False,2.0,True,decay,0
150,4.0,0.30240908729527916,0.30628013643805135,0.0125,8.0,0.8646816701021308,False,6.0,True,decay,0
151,6.0,0.3272847091858264,0.3064174212272525,0.012437810945273634,8.0,0.8646816701021308,False,4.0,True,decay,0
152,6.0,0.3520371844333512,0.30671365345586354,0.012376237623762377,8.0,0.8646816701021308,False,4.0,True,decay,0
153,12.0,0.30277610068950883,0.30668824988962895,0.01231527093596059,8.0,0.8646816701021308,False,-2.0,True,decay,0
154,10.0,0.2782662967679402,0.3065060578824386,0.012254901960784314,8.0,0.8646816701021308,False,0.0,True,decay,0
155,8.0,0.2782662967679402,0.30632618679253737,0.012195121951219514,8.0,0.8646816701021308,False,2.0,True,decay,0
156,8.0,0.2782662967679402,0.3061485925518754,0.012135922330097087,8.0,0.8646816701021308,False,2.0,True,decay,0
157,10.0,0.2541117073959595,0.3058213165446054,0.012077294685990338,8.0,0.8646816701021308,False,0.0,True,decay,0
158,4.0,0.3021886304728826,0.30579861225665717,0.01201923076923077,8.0,0.8646816701021308,False,6.0,True,decay,0
159,8.0,0.3021886304728826,0.305776190009553,0.01196172248803828,8.0,0.8646816701021308,False,2.0,True,decay,0
160,16.0,0.20695053523478735,0.3051661551035359,0.011904761904761904,8.0,0.8646816701021308,False,-6.0,True,decay,0
161,6.0,0.23064721769924232,0.30470898370841754,0.011848341232227487,8.0,0.8646816701021308,False,4.0,True,decay,0
162,6.0,0.2542321233596197,0.3044011979745834,0.01179245283018868,8.0,0.8646816701021308,False,-56.0,False,decay,0
163,8.0,0.2542321233596197,0.304097142976917,0.011737089201877935,8.0,0.8646816701021308,False,2.0,True,decay,0
164,8.0,0.2542321233596197,0.30379675129247546,0.011682242990654205,8.0,0.8646816701021308,False,2.0,True,decay,0
165,6.0,0.27748793731310806,0.3036392134842158,0.011627906976744184,8.0,0.8646816701021308,False,-56.0,False,decay,0
166,8.0,0.27748793731310806,0.30348355112605446,0.011574074074074073,8.0,0.8646816701021308,False,2.0,True,decay,0
167,8.0,0.27748793731310806,0.30332973092597787,0.01152073732718894,8.0,0.8646816701021308,False,2.0,True,decay,0
168,8.0,0.27748793731310806,0.30317772037531393,0.011467889908256883,8.0,0.8646816701021308,False,2.0,True,decay,0
169,14.0,0.20899478662817655,0.3026269429849798,0.011415525114155252,8.0,0.8646816701021308,False,-4.0,True,decay,0
170,12.0,0.16354024117363108,0.30181829936979754,0.011363636363636364,8.0,0.8646816701021308,False,-2.0,True,decay,0
171,10.0,0.1409158067844908,0.30088822715832175,0.011312217194570137,8.0,0.8646816701021308,False,0.0,True,decay,0
172,4.0,0.18596085182953587,0.30022772500125977,0.011261261261261262,8.0,0.8646816701021308,False,6.0,True,decay,0
173,6.0,0.208382376493213,0.2997028944383566,0.011210762331838566,8.0,0.8646816701021308,False,4.0,True,decay,0
174,4.0,0.25302523363607016,0.29943768045652547,0.011160714285714286,8.0,0.8646816701021308,False,6.0,True,decay,0
175,6.0,0.27524745585829236,0.29930101252094227,0.011111111111111112,8.0,0.8646816701021308,False,4.0,True,decay,0
176,18.0,0.16462798683174368,0.29854442248898044,0.011061946902654869,8.0,0.8646816701021308,False,-8.0,True,decay,0
177,4.0,0.20868085026786704,0.2980423913592536,0.011013215859030838,8.0,0.8646816701021308,False,-54.0,False,decay,0
178,6.0,0.23061067482927056,0.2976677707118648,0.010964912280701754,8.0,0.8646816701021308,False,4.0,True,decay,0
179,6.0,0.25244473596464173,0.29741791969116194,0.01091703056768559,8.0,0.8646816701021308,False,4.0,True,decay,0
180,4.0,0.295922996834207,0.29740970582931053,0.010869565217391306,8.0,0.8646816701021308,False,6.0,True,decay,0
181,8.0,0.295922996834207,0.2974015817364411,0.010822510822510822,8.0,0.8646816701021308,False,2.0,True,decay,0
182,8.0,0.295922996834207,0.297393545948929,0.010775862068965516,8.0,0.8646816701021308,False,2.0,True,decay,0
183,22.0,0.14570840455952885,0.296573626265743,0.01072961373390558,8.0,0.8646816701021308,False,-12.0,True,decay,0
184,12.0,0.1029733618244861,0.29553276462896205,0.010683760683760686,8.0,0.8646816701021308,False,-2.0,True,decay,0
185,4.0,0.1455265533138478,0.29473059237594007,0.010638297872340425,8.0,0.8646816701021308,False,6.0,True,decay,0
186,4.0,0.18789943466978,0.29416234153707754,0.01059322033898305,8.0,0.8646816701021308,False,-54.0,False,decay,0
187,6.0,0.20899648108328212,0.2937117285188035,0.010548523206751054,8.0,0.8646816701021308,False,4.0,True,decay,0
188,4.0,0.2510132878059712,0.29348699988347277,0.01050420168067227,8.0,0.8646816701021308,False,-54.0,False,decay,0
189,4.0,0.2928542919900716,0.29348368727670104,0.010460251046025104,8.0,0.8646816701021308,False,6.0,True,decay,0
190,12.0,0.25118762532340494,0.29326339528736095,0.010416666666666666,8.0,0.8646816701021308,False,-2.0,True,decay,0
191,6.0,0.2719345132902099,0.2931528829454068,0.01037344398340249,8.0,0.8646816701021308,False,4.0,True,decay,0
192,6.0,0.2925956703150033,0.2931500107153532,0.010330578512396695,8.0,0.8646816701021308,False,4.0,True,decay,0
193,6.0,0.3131718020022461,0.2932526865681065,0.010288065843621401,8.0,0.8646816701021308,False,4.0,True,decay,0
194,6.0,0.33366360528093464,0.2934588647248046,0.010245901639344263,8.0,0.8646816701021308,False,4.0,True,decay,0
195,26.0,0.14999013589317955,0.29273059706576077,0.01020408163265306,8.0,0.8646816701021308,False,-16.0,True,decay,0
196,6.0,0.17031533914521207,0.2921123381873742,0.010162601626016262,8.0,0.8646816701021308,False,4.0,True,decay,0
197,6.0,0.19055825412496916,0.2916020161569098,0.010121457489878544,8.0,0.8646816701021308,False,4.0,True,decay,0
198,4.0,0.23088083477013044,0.29129841024997594,0.010080645161290324,8.0,0.8646816701021308,False,6.0,True,decay,0
199,6.0,0.25096115605527103,0.2910977273932858,0.010040160642570281,8.0,0.8646816701021308,False,4.0,True,decay,0
200,4.0,0.290961156055271,0.2910970512975531,0.01,8.0,0.8646816701021308,True,60.0,True,decay,0
201,4.0,0.33080179350547023,0.2912926411606463,0.0099601593625498,8.0,0.8646816701021308,True,60.0,True,decay,0
202,4.0,0.37048433318800994,0.29168083572940784,0.009920634920634922,8.0,0.8646816701021308,True,60.0,True,decay,0
203,6.0,0.3902471790378123,0.29216164716018056,0.009881422924901186,8.0,0.8646816701021308,True,40.0,True,decay,0
204,6.0,0.40993221840789107,0.2927333489623539,0.00984251968503937,8.0,0.8646816701021308,True,-560.0,False,decay,0
205,6.0,0.42954006154514596,0.2933942509555075,0.009803921568627453,8.0,0.8646816701021308,True,40.0,True,decay,0
206,10.0,0.41000881154514596,0.2939548978814192,0.009765625,8.0,0.8646816701021308,True,0.0,True,decay,0
207,4.0,0.44891931738172186,0.2946963544340523,0.00972762645914397,8.0,0.8646816701021308,True,60.0,True,decay,0
208,4.0,0.4876790073042025,0.2956153194477196,0.009689922480620155,8.0,0.8646816701021308,True,60.0,True,decay,0
209,6.0,0.5069840266092218,0.29661706687502537,0.009652509652509654,8.0,0.8646816701021308,True,40.0,True,decay,0
210,4.0,0.5454455650707603,0.2977907862061373,0.009615384615384616,8.0,0.8646816701021308,True,60.0,True,decay,0
211,6.0,0.5646026531933657,0.2990434240793168,0.009578544061302683,8.0,0.8646816701021308,True,40.0,True,decay,0
212,6.0,0.5836866226590145,0.30037353248389476,0.009541984732824428,8.0,0.8646816701021308,True,40.0,True,decay,0
213,6.0,0.602698029503121,0.30177969293514695,0.009505703422053233,8.0,0.8646816701021308,True,40.0,True,decay,0
214,4.0,0.6405768173819089,0.303348198140919,0.00946969696969697,8.0,0.8646816701021308,True,60.0,True,decay,0
215,4.0,0.6783126664385126,0.3050761449994333,0.009433962264150945,8.0,0.8646816701021308,True,60.0,True,decay,0
216,4.0,0.7159066514009187,0.30696068860677955,0.009398496240601503,8.0,0.8646816701021308,True,60.0,True,decay,0
217,8.0,0.7159066514009187,0.30882802177022306,0.009363295880149813,8.0,0.8646816701021308,True,20.0,True,decay,0
218,6.0,0.7345633678188291,0.31076318243408035,0.009328358208955223,8.0,0.8646816701021308,True,40.0,True,decay,0
219,6.0,0.7531507284136246,0.31276493603579775,0.00929368029739777,8.0,0.8646816701021308,True,40.0,True,decay,0
220,4.0,0.7901877654506617,0.31491548932145036,0.009259259259259259,8.0,0.8646816701021308,True,60.0,True,decay,0
221,4.0,0.8270881344543517,0.317212227640432,0.00922509225092251,8.0,0.8646816701021308,True,60.0,True,decay,0
222,4.0,0.8638528403367046,0.31965258751854037,0.009191176470588236,8.0,0.8646816701021308,True,60.0,True,decay,0
223,10.0,0.8455378220216863,0.3219898552274432,0.009157509157509158,8.0,0.8646816701021308,True,0.0,True,decay,0
224,14.0,0.790793296474241,0.32406420673738473,0.009124087591240875,8.0,0.8646816701021308,True,-40.0,True,decay,0
225,6.0,0.8089751146560592,0.3262003781379076,0.009090909090909092,8.0,0.8646816701021308,True,40.0,True,decay,0
226,6.0,0.8270910566850447,0.3283972670789038,0.009057971014492754,8.0,0.8646816701021308,True,40.0,True,decay,0
227,4.0,0.8631921397175356,0.3307326158677188,0.009025270758122744,8.0,0.8646816701021308,True,60.0,True,decay,0
228,8.0,0.8631921397175356,0.3330476572757615,0.008992805755395683,8.0,0.8646816701021308,True,20.0,True,decay,0
229,4.0,0.8990344336243457,0.33549781648073373,0.008960573476702509,8.0,0.8646816701021308,True,60.0,True,decay,0
230,4.0,0.9347487193386314,0.33808079451029366,0.008928571428571428,8.0,0.8646816701021308,True,60.0,True,decay,0
231,4.0,0.970335907950731,0.34079433576969465,0.008896797153024912,8.0,0.8646816701021308,True,60.0,True,decay,0
232,8.0,0.970335907950731,0.3434846843687589,0.008865248226950355,8.0,0.8646816701021308,True,20.0,True,decay,0
233,4.0,1.0056715969966674,0.34630250101823934,0.0088339222614841,8.0,0.8646816701021308,True,60.0,True,decay,0
234,6.0,1.0232772307994844,0.3491710380088378,0.008802816901408451,8.0,0.8646816701021308,True,40.0,True,decay,0
235,4.0,1.05836495009773,0.3521634173847403,0.008771929824561403,8.0,0.8646816701021308,True,60.0,True,decay,0
236,6.0,1.0758474675802474,0.35520410667127605,0.008741258741258742,8.0,0.8646816701021308,True,40.0,True,decay,0
237,8.0,1.0758474675802474,0.35821935085917966,0.008710801393728223,8.0,0.8646816701021308,True,20.0,True,decay,0
238,4.0,1.1105696898024697,0.36135414393811005,0.008680555555555556,8.0,0.8646816701021308,True,60.0,True,decay,0
239,4.0,1.1451717659270373,0.3646064992160724,0.00865051903114187,8.0,0.8646816701021308,True,60.0,True,decay,0
240,4.0,1.179654524547727,0.3679744662628974,0.008620689655172414,8.0,0.8646816701021308,True,60.0,True,decay,0
241,6.0,1.1968366551319194,0.3713854217726465,0.00859106529209622,8.0,0.8646816701021308,True,40.0,True,decay,0
242,6.0,1.2139599428031522,0.374838596039165,0.00856164383561644,8.0,0.8646816701021308,True,40.0,True,decay,0
243,10.0,1.19689509638677,0.378193928693645,0.008532423208191127,8.0,0.8646816701021308,True,0.0,True,decay,0
244,10.0,1.1798882936656816,0.38145284887645814,0.008503401360544218,8.0,0.8646816701021308,True,0.0,True,decay,0
245,10.0,1.1629391411233088,0.3846167609908178,0.00847457627118644,8.0,0.8646816701021308,True,0.0,True,decay,0
246,14.0,1.112263465447633,0.38755082028298243,0.008445945945945946,8.0,0.8646816701021308,True,-40.0,True,decay,0
247,4.0,1.1459334991176668,0.3905965338525996,0.008417508417508417,8.0,0.8646816701021308,True,60.0,True,decay,0
248,16.0,1.0788194051579354,0.39334942533782097,0.008389261744966443,8.0,0.8646816701021308,True,-60.0,True,decay,0
249,4.0,1.112264221211447,0.39621362771181945,0.008361204013377926,8.0,0.8646816701021308,True,60.0,True,decay,0
250,14.0,1.062264221211447,0.3988566856225323,0.008333333333333333,8.0,0.8646816701021308,True,-40.0,True,decay,0
251,12.0,1.0290416298493208,0.4013475352044563,0.008305647840531562,8.0,0.8646816701021308,True,-20.0,True,decay,0
252,4.0,1.0621542126307777,0.40394913629668594,0.008278145695364239,8.0,0.8646816701021308,True,60.0,True,decay,0
253,8.0,1.0621542126307777,0.40653033267446664,0.00825082508250825,8.0,0.8646816701021308,True,20.0,True,decay,0
254,6.0,1.0786015810518303,0.4091556109884407,0.008223684210526315,8.0,0.8646816701021308,True,40.0,True,decay,0
255,4.0,1.111388466297732,0.41188803454995543,0.00819672131147541,8.0,0.8646816701021308,True,60.0,True,decay,0
256,4.0,1.1440682048598236,0.4147259421868154,0.008169934640522876,8.0,0.8646816701021308,True,60.0,True,decay,0
257,6.0,1.1603548498109637,0.4176048182780283,0.008143322475570033,8.0,0.8646816701021308,True,40.0,True,decay,0
258,4.0,1.1928223822784962,0.4205864242934147,0.008116883116883118,8.0,0.8646816701021308,True,60.0,True,decay,0
259,4.0,1.2251848418254219,0.4236691768510086,0.008090614886731393,8.0,0.8646816701021308,True,60.0,True,decay,0
260,6.0,1.2413138740834864,0.42678995813815546,0.008064516129032258,8.0,0.8646816701021308,True,-560.0,False,decay,0
261,8.0,1.2413138740834864,0.42988700724821377,0.008038585209003217,8.0,0.8646816701021308,True,-580.0,False,decay,0
262,4.0,1.2733651561347685,0.4330820002364204,0.008012820512820514,8.0,0.8646816701021308,True,60.0,True,decay,0
263,6.0,1.2893395970293373,0.4363131609790352,0.007987220447284346,8.0,0.8646816701021308,True,40.0,True,decay,0
264,6.0,1.3052631639083183,0.43957989031335587,0.007961783439490446,8.0,0.8646816701021308,True,40.0,True,decay,0
265,10.0,1.2893901480353025,0.44276270026737063,0.007936507936507938,8.0,0.8646816701021308,True,0.0,True,decay,0
266,6.0,1.3052129328454292,0.44598079815012465,0.007911392405063292,8.0,0.8646816701021308,True,40.0,True,decay,0
267,6.0,1.3209858035078896,0.44923360486149183,0.007886435331230285,8.0,0.8646816701021308,True,40.0,True,decay,0
268,4.0,1.3524323443883928,0.4525787853782581,0.007861635220125786,8.0,0.8646816701021308,True,60.0,True,decay,0
269,4.0,1.3837803067708379,0.4560149533538765,0.007836990595611286,8.0,0.8646816701021308,True,60.0,True,decay,0
270,8.0,1.3837803067708379,0.4594258553884977,0.0078125,8.0,0.8646816701021308,True,20.0,True,decay,0
271,4.0,1.4149329547459157,0.4629258813934699,0.007788161993769471,8.0,0.8646816701021308,True,60.0,True,decay,0
272,4.0,1.4459888553670337,0.46651370246636614,0.007763975155279503,8.0,0.8646816701021308,True,60.0,True,decay,0
273,6.0,1.4614687315280244,0.470131720753863,0.007739938080495357,8.0,0.8646816701021308,True,40.0,True,decay,0
274,6.0,1.4769008302934565,0.47377943491886154,0.007716049382716049,8.0,0.8646816701021308,True,40.0,True,decay,0
275,4.0,1.5076700610626874,0.47751189205295486,0.007692307692307693,8.0,0.8646816701021308,True,60.0,True,decay,0
276,6.0,1.5230074843755708,0.48127266756490666,0.007668711656441718,8.0,0.8646816701021308,True,40.0,True,decay,0
277,4.0,1.5535885241309224,0.4851160935741039,0.007645259938837921,8.0,0.8646816701021308,True,60.0,True,decay,0
278,6.0,1.5688324265699467,0.488986509049089,0.007621951219512195,8.0,0.8646816701021308,True,40.0,True,decay,0
279,10.0,1.553634858180889,0.4927752932097004,0.007598784194528876,8.0,0.8646816701021308,True,0.0,True,decay,0
280,6.0,1.5687863733324041,0.49659093533779514,0.007575757575757576,8.0,0.8646816701021308,True,40.0,True,decay,0
281,4.0,1.5989978536949419,0.5004863661447109,0.0075528700906344415,8.0,0.8646816701021308,True,60.0,True,decay,0
282,10.0,1.5839376127310865,0.504301335322832,0.007530120481927712,8.0,0.8646816701021308,True,-600.0,False,decay,0
283,6.0,1.5989526277461015,0.5081422170506329,0.0075075075075075074,8.0,0.8646816701021308,True,40.0,True,decay,0
284,4.0,1.6288927475065804,0.5120609251990803,0.007485029940119761,8.0,0.8646816701021308,True,60.0,True,decay,0
285,4.0,1.6587434937752372,0.516056334845687,0.007462686567164179,8.0,0.8646816701021308,True,60.0,True,decay,0
286,10.0,1.643862541394285,0.5199723286184254,0.007440476190476191,8.0,0.8646816701021308,True,0.0,True,decay,0
287,8.0,1.643862541394285,0.523861222088238,0.00741839762611276,8.0,0.8646816701021308,True,20.0,True,decay,0
288,8.0,1.643862541394285,0.5277232956030865,0.007396449704142012,8.0,0.8646816701021308,True,20.0,True,decay,0
289,8.0,1.643862541394285,0.5315588256573518,0.007374631268436578,8.0,0.8646816701021308,True,20.0,True,decay,0
290,6.0,1.658568423747226,0.5354184475686186,0.007352941176470589,8.0,0.8646816701021308,True,40.0,True,decay,0
291,6.0,1.6732311803454665,0.5393017674757067,0.007331378299120235,8.0,0.8646816701021308,True,40.0,True,decay,0
292,4.0,1.7024709464273378,0.5432581252272428,0.007309941520467837,8.0,0.8646816701021308,True,60.0,True,decay,0
293,4.0,1.7316254653777752,0.5472864890921599,0.007288629737609329,8.0,0.8646816701021308,True,60.0,True,decay,0
294,6.0,1.7461603490987054,0.5513367386192091,0.007267441860465117,8.0,0.8646816701021308,True,40.0,True,decay,0
295,6.0,1.760653102721894,0.5554085108889152,0.007246376811594203,8.0,0.8646816701021308,True,-560.0,False,decay,0
296,6.0,1.775103969773917,0.5595014486704084,0.007225433526011561,8.0,0.8646816701021308,True,40.0,True,decay,0
297,10.0,1.7606947478718997,0.5635188175640589,0.007204610951008645,8.0,0.8646816701021308,True,0.0,True,decay,0
298,6.0,1.7750625639638538,0.5675572967187248,0.007183908045977012,8.0,0.8646816701021308,True,40.0,True,decay,0
299,4.0,1.8037158590927935,0.5716641357963795,0.007163323782234957,8.0,0.8646816701021308,True,60.0,True,decay,0
300,6.0,1.8180015733785078,0.5757910809539362,0.0071428571428571435,8.0,0.8646816701021308,True,40.0,True,decay,0
301,4.0,1.8464916018685362,0.5799848120460636,0.007122507122507123,8.0,0.8646816701021308,True,60.0,True,decay,0
302,6.0,1.8606961473230816,0.5841976782805274,0.007102272727272728,8.0,0.8646816701021308,True,-560.0,False,decay,0
303,4.0,1.8890247592210987,0.5884757998573817,0.007082152974504249,8.0,0.8646816701021308,True,60.0,True,decay,0
304,6.0,1.9031490530064095,0.5927721176781302,0.007062146892655367,8.0,0.8646816701021308,True,40.0,True,decay,0
305,4.0,1.9313180670909165,0.5971322022039047,0.007042253521126761,8.0,0.8646816701021308,True,60.0,True,decay,0
306,8.0,1.9313180670909165,0.601463974492499,0.00702247191011236,8.0,0.8646816701021308,True,20.0,True,decay,0
307,6.0,1.9453236693318128,0.6058130349935971,0.007002801120448179,8.0,0.8646816701021308,True,40.0,True,decay,0
308,4.0,1.9732566302256676,0.6102241433653135,0.006983240223463688,8.0,0.8646816701021308,True,60.0,True,decay,0
309,6.0,1.9871842068273389,0.6146516676851271,0.006963788300835655,8.0,0.8646816701021308,True,40.0,True,decay,0
310,6.0,2.0010730957162277,0.6190953261083038,0.006944444444444445,8.0,0.8646816701021308,True,40.0,True,decay,0
311,10.0,1.9872226802037622,0.6234663400191518,0.006925207756232688,8.0,0.8646816701021308,True,0.0,True,decay,0
312,4.0,2.0148469895960273,0.6278974885846833,0.006906077348066299,8.0,0.8646816701021308,True,60.0,True,decay,0
313,6.0,2.028621094279223,0.6323442301900628,0.006887052341597796,8.0,0.8646816701021308,True,40.0,True,decay,0
314,4.0,2.0560936217517503,0.6368497662393087,0.006868131868131868,8.0,0.8646816701021308,True,60.0,True,decay,0
315,4.0,2.083490882025723,0.641413302882168,0.006849315068493151,8.0,0.8646816701021308,True,60.0,True,decay,0
316,6.0,2.0971520842115154,0.6459910977920087,0.006830601092896175,8.0,0.8646816701021308,True,40.0,True,decay,0
317,6.0,2.11077606241315,0.6505829001889402,0.0068119891008174395,8.0,0.8646816701021308,True,40.0,True,decay,0
318,4.0,2.1379499754566282,0.6552309222991517,0.006793478260869565,8.0,0.8646816701021308,True,60.0,True,decay,0
319,4.0,2.165050246459338,0.6599344092903049,0.006775067750677507,8.0,0.8646816701021308,True,60.0,True,decay,0
320,4.0,2.1920772734863654,0.6646926169430878,0.006756756756756757,8.0,0.8646816701021308,True,60.0,True,decay,0
321,4.0,2.2190314513839393,0.6695048114769604,0.006738544474393531,8.0,0.8646816701021308,True,60.0,True,decay,0
322,14.0,2.178708870738778,0.6741628486969042,0.006720430107526882,8.0,0.8646816701021308,True,-40.0,True,decay,0
323,6.0,2.192113696476043,0.6788334666900708,0.006702412868632708,8.0,0.8646816701021308,True,40.0,True,decay,0
324,12.0,2.1653757285616044,0.6833934122786337,0.0066844919786096255,8.0,0.8646816701021308,True,-20.0,True,decay,0
325,8.0,2.1653757285616044,0.6879254682917315,0.006666666666666667,8.0,0.8646816701021308,True,20.0,True,decay,0
326,4.0,2.1919714732424556,0.6925109744043861,0.006648936170212766,8.0,0.8646816701021308,True,60.0,True,decay,0
327,10.0,2.1787088737729596,0.6970282932474517,0.006631299734748011,8.0,0.8646816701021308,True,0.0,True,decay,0
328,10.0,2.1654813605454466,0.7014781510271426,0.006613756613756613,8.0,0.8646816701021308,True,0.0,True,decay,0
329,4.0,2.191866584819853,0.7059808351171508,0.006596306068601583,8.0,0.8646816701021308,True,60.0,True,decay,0
330,4.0,2.218182374293537,0.7105356590303328,0.006578947368421052,8.0,0.8646816701021308,True,60.0,True,decay,0
331,8.0,2.218182374293537,0.7150631266437357,0.006561679790026247,8.0,0.8646816701021308,True,20.0,True,decay,0
332,10.0,2.205093369057935,0.7195242950341975,0.006544502617801047,8.0,0.8646816701021308,True,0.0,True,decay,0
333,8.0,2.205093369057935,0.7239588295835221,0.006527415143603134,8.0,0.8646816701021308,True,20.0,True,decay,0
334,6.0,2.2181142023912686,0.7284057205740213,0.006510416666666667,8.0,0.8646816701021308,True,40.0,True,decay,0
335,6.0,2.2311012153782817,0.7328647576505919,0.006493506493506494,8.0,0.8646816701021308,True,40.0,True,decay,0
336,4.0,2.257007951129577,0.7373740570395829,0.006476683937823835,8.0,0.8646816701021308,True,60.0,True,decay,0
337,4.0,2.2828477444112307,0.7419329764713577,0.006459948320413437,8.0,0.8646816701021308,True,60.0,True,decay,0
338,4.0,2.3086209402875193,0.7465408822472875,0.0064432989690721655,8.0,0.8646816701021308,True,60.0,True,decay,0
339,4.0,2.3343278811615553,0.7511971491062737,0.006426735218508998,8.0,0.8646816701021308,True,60.0,True,decay,0
340,8.0,2.3343278811615553,0.7558261863345054,0.006410256410256411,8.0,0.8646816701021308,True,20.0,True,decay,0
341,4.0,2.359903328731888,0.7605027960791042,0.00639386189258312,8.0,0.8646816701021308,True,60.0,True,decay,0
342,8.0,2.359903328731888,0.7651522162321646,0.006377551020408163,8.0,0.8646816701021308,True,20.0,True,decay,0
343,6.0,2.3726259750423204,0.7698115604605997,0.0063613231552162855,8.0,0.8646816701021308,True,40.0,True,decay,0
344,4.0,2.398006685702219,0.7745173267185236,0.00634517766497462,8.0,0.8646816701021308,True,60.0,True,decay,0
345,6.0,2.4106649135503204,0.7792324494471454,0.006329113924050633,8.0,0.8646816701021308,True,40.0,True,decay,0
346,6.0,2.423291176176583,0.7839567561331495,0.006313131313131314,8.0,0.8646816701021308,True,40.0,True,decay,0
347,10.0,2.4106967177382956,0.7886179021549408,0.006297229219143577,8.0,0.8646816701021308,True,-600.0,False,decay,0
348,6.0,2.4232595318086476,0.7932883068110942,0.00628140703517588,8.0,0.8646816701021308,True,40.0,True,decay,0
349,4.0,2.4483221884502515,0.7980035030550804,0.006265664160401002,8.0,0.8646816701021308,True,60.0,True,decay,0
350,4.0,2.4733221884502514,0.8027629311385894,0.00625,8.0,0.8646816701021308,True,60.0,True,decay,0
351,4.0,2.4982598443106006,0.807566038541343,0.006234413965087282,8.0,0.8646816701021308,True,60.0,True,decay,0
352,4.0,2.523135466201148,0.8124122798624159,0.006218905472636817,8.0,0.8646816701021308,True,60.0,True,decay,0
353,4.0,2.5479493619827855,0.8173011167134592,0.006203473945409429,8.0,0.8646816701021308,True,60.0,True,decay,0
354,8.0,2.5479493619827855,0.8221624881889348,0.006188118811881188,8.0,0.8646816701021308,True,20.0,True,decay,0
355,4.0,2.572640720007477,0.8270657885581745,0.006172839506172839,8.0,0.8646816701021308,True,60.0,True,decay,0
356,6.0,2.5849559909434374,0.8319760963860663,0.006157635467980295,8.0,0.8646816701021308,True,40.0,True,decay,0
357,4.0,2.609526015513462,0.8369274889184545,0.006142506142506142,8.0,0.8646816701021308,True,60.0,True,decay,0
358,4.0,2.6340358194350304,0.8419194565032229,0.006127450980392157,8.0,0.8646816701021308,True,60.0,True,decay,0
359,6.0,2.646260758310336,0.8469176318544891,0.006112469437652812,8.0,0.8646816701021308,True,40.0,True,decay,0
360,6.0,2.6584558802615557,0.851921881159481,0.006097560975609757,8.0,0.8646816701021308,True,40.0,True,decay,0
361,8.0,2.6584558802615557,0.8568985588429577,0.006082725060827252,8.0,0.8646816701021308,True,-580.0,False,decay,0
362,4.0,2.68272772492175,0.8619145730354819,0.006067961165048544,8.0,0.8646816701021308,True,60.0,True,decay,0
363,4.0,2.7069407999822825,0.8669694394106787,0.006053268765133173,8.0,0.8646816701021308,True,-540.0,False,decay,0
364,4.0,2.7310953893542633,0.872062679711071,0.006038647342995169,8.0,0.8646816701021308,True,60.0,True,decay,0
365,8.0,2.7310953893542633,0.877128163933532,0.006024096385542168,8.0,0.8646816701021308,True,20.0,True,decay,0
366,10.0,2.7190761585850325,0.8821334573972589,0.006009615384615385,8.0,0.8646816701021308,True,0.0,True,decay,0
367,8.0,2.7190761585850325,0.8871116218991228,0.005995203836930456,8.0,0.8646816701021308,True,-580.0,False,decay,0
368,6.0,2.7310378810730707,0.8920952063833767,0.00598086124401914,8.0,0.8646816701021308,True,-560.0,False,decay,0
369,18.0,2.6713720099513525,0.8968911007326166,0.005966587112171838,8.0,0.8646816701021308,True,-80.0,True,decay,0
370,4.0,2.695181533760876,0.9017252147998969,0.005952380952380952,8.0,0.8646816701021308,True,60.0,True,decay,0
371,6.0,2.707058018321446,0.9065652491256919,0.005938242280285036,8.0,0.8646816701021308,True,40.0,True,decay,0
372,4.0,2.730754700785901,0.9114427610285267,0.005924170616113744,8.0,0.8646816701021308,True,60.0,True,decay,0
373,20.0,2.6598327149702983,0.9161051342390382,0.00591016548463357,8.0,0.8646816701021308,True,-100.0,True,decay,0
374,8.0,2.6598327149702983,0.9207427075920469,0.00589622641509434,8.0,0.8646816701021308,True,-580.0,False,decay,0
375,8.0,2.6598327149702983,0.9253556784338991,0.0058823529411764705,8.0,0.8646816701021308,True,20.0,True,decay,0
376,4.0,2.6833068933740543,0.9300063430236878,0.005868544600938968,8.0,0.8646816701021308,True,60.0,True,decay,0
377,14.0,2.6481780877534455,0.934539777706352,0.005854800936768151,8.0,0.8646816701021308,True,-640.0,False,decay,0
378,4.0,2.671542573734754,0.9391108376959004,0.005841121495327103,8.0,0.8646816701021308,True,60.0,True,decay,0
379,6.0,2.683197585389766,0.9436884932016587,0.005827505827505828,8.0,0.8646816701021308,True,40.0,True,decay,0
380,4.0,2.7064533993432542,0.9483030610187834,0.005813953488372092,8.0,0.8646816701021308,True,60.0,True,decay,0
381,4.0,2.729655255491746,0.9529541111349008,0.00580046403712297,8.0,0.8646816701021308,True,-540.0,False,decay,0
382,22.0,2.6486367369732275,0.9573699513063548,0.005787037037037037,8.0,0.8646816701021308,True,-120.0,True,decay,0
383,8.0,2.6486367369732275,0.9617628520483467,0.005773672055427252,8.0,0.8646816701021308,True,-580.0,False,decay,0
384,4.0,2.671678211627605,0.9661926845861167,0.00576036866359447,8.0,0.8646816701021308,True,60.0,True,decay,0
385,4.0,2.694666717374732,0.9706590257561132,0.00574712643678161,8.0,0.8646816701021308,True,60.0,True,decay,0
386,4.0,2.717602497191246,0.9751614573835232,0.0057339449541284416,8.0,0.8646816701021308,True,60.0,True,decay,0
387,6.0,2.7290441447885,0.9796701532380347,0.005720823798627002,8.0,0.8646816701021308,True,40.0,True,decay,0
388,6.0,2.740459669902655,0.9841849981525593,0.005707762557077626,8.0,0.8646816701021308,True,40.0,True,decay,0
389,10.0,2.729070148262564,0.9886476200198483,0.005694760820045558,8.0,0.8646816701021308,True,0.0,True,decay,0
390,14.0,2.694979239171655,0.9930005068033988,0.005681818181818182,8.0,0.8646816701021308,True,-40.0,True,decay,0
391,4.0,2.7176549761331064,0.9973889405675966,0.005668934240362812,8.0,0.8646816701021308,True,-540.0,False,decay,0
392,16.0,2.672406107354826,1.0016402531736557,0.005656108597285069,8.0,0.8646816701021308,True,-60.0,True,decay,0
393,6.0,2.6836927890704017,1.0058986140240271,0.005643340857787811,8.0,0.8646816701021308,True,40.0,True,decay,0
394,6.0,2.694954050331663,1.0101639055298544,0.005630630630630631,8.0,0.8646816701021308,True,40.0,True,decay,0
395,4.0,2.7174259604440225,1.0144643137286307,0.0056179775280898875,8.0,0.8646816701021308,True,60.0,True,decay,0
396,6.0,2.7286367227758612,1.0187712795805082,0.005605381165919283,8.0,0.8646816701021308,True,40.0,True,decay,0
397,12.0,2.7062653581226175,1.0230005880480322,0.005592841163310961,8.0,0.8646816701021308,True,-20.0,True,decay,0
398,12.0,2.683943929551189,1.0271529464017901,0.005580357142857143,8.0,0.8646816701021308,True,-20.0,True,decay,0
399,8.0,2.683943929551189,1.031284594738821,0.005567928730512249,8.0,0.8646816701021308,True,20.0,True,decay,0
