scale_k,w,success,reward,obs,seed_list,episodes_per_seed,git_sha,generated_utc,environment
0.1,0.01,0.8616666666666667,-0.40299999999999997,5.73,42|123|456,200,696cbcd,2026-08-20T16:27:00Z,Diagnosis
0.1,0.1,0.965,-0.17966666666666667,9.696666666666667,42|123|456,200,696cbcd,2026-08-20T16:27:57Z,Diagnosis
0.1,0.5,0.965,-0.17966666666666667,9.696666666666667,42|123|456,200,696cbcd,2026-08-20T16:28:51Z,Diagnosis
0.1,1.0,0.965,-0.17966666666666667,9.696666666666667,42|123|456,200,696cbcd,2026-08-20T16:29:44Z,Diagnosis
0.1,2.0,0.965,-0.17966666666666667,9.696666666666667,42|123|456,200,696cbcd,2026-08-20T16:30:38Z,Diagnosis
0.1,5.0,0.99,-0.3766666666666668,13.166666666666666,42|123|456,200,696cbcd,2026-08-20T16:31:53Z,Diagnosis
0.1,10.0,0.99,-0.3766666666666668,13.166666666666666,42|123|456,200,696cbcd,2026-08-20T16:33:10Z,Diagnosis
0.1,20.0,1.0,-0.6446666666666669,16.446666666666665,42|123|456,200,696cbcd,2026-08-20T16:34:46Z,Diagnosis
0.1,50.0,1.0,-0.9783333333333339,19.783333333333335,42|123|456,200,696cbcd,2026-08-20T16:36:37Z,Diagnosis
0.1,100.0,1.0,-0.9783333333333339,19.783333333333335,42|123|456,200,696cbcd,2026-08-20T16:38:28Z,Diagnosis
1.0,0.01,0.8616666666666667,-4.03,5.73,42|123|456,200,696cbcd,2026-08-20T16:39:03Z,Diagnosis
1.0,0.1,0.8616666666666667,-4.03,5.73,42|123|456,200,696cbcd,2026-08-20T16:39:39Z,Diagnosis
1.0,0.5,0.965,-1.7966666666666666,9.696666666666667,42|123|456,200,696cbcd,2026-08-20T16:40:36Z,Diagnosis
1.0,1.0,0.965,-1.7966666666666666,9.696666666666667,42|123|456,200,696cbcd,2026-08-20T16:41:32Z,Diagnosis
1.0,2.0,0.965,-1.7966666666666666,9.696666666666667,42|123|456,200,696cbcd,2026-08-20T16:42:29Z,Diagnosis
1.0,5.0,0.965,-1.7966666666666666,9.696666666666667,42|123|456,200,696cbcd,2026-08-20T16:43:26Z,Diagnosis
1.0,10.0,0.965,-1.7966666666666666,9.696666666666667,42|123|456,200,696cbcd,2026-08-20T16:44:22Z,Diagnosis
1.0,20.0,0.965,-1.7966666666666666,9.696666666666667,42|123|456,200,696cbcd,2026-08-20T16:45:17Z,Diagnosis
1.0,50.0,0.99,-3.7666666666666666,13.166666666666666,42|123|456,200,696cbcd,2026-08-20T16:46:28Z,Diagnosis
1.0,100.0,0.99,-3.7666666666666666,13.166666666666666,42|123|456,200,696cbcd,2026-08-20T16:47:39Z,Diagnosis
10.0,0.01,0.8616666666666667,-40.3,5.73,42|123|456,200,696cbcd,2026-08-20T16:48:13Z,Diagnosis
10.0,0.1,0.8616666666666667,-40.3,5.73,42|123|456,200,696cbcd,2026-08-20T16:48:47Z,Diagnosis
10.0,0.5,0.8616666666666667,-40.3,5.73,42|123|456,200,696cbcd,2026-08-20T16:49:20Z,Diagnosis
10.0,1.0,0.8616666666666667,-40.3,5.73,42|123|456,200,696cbcd,2026-08-20T16:49:53Z,Diagnosis
10.0,2.0,0.8616666666666667,-40.3,5.73,42|123|456,200,696cbcd,2026-08-20T16:50:27Z,Diagnosis
10.0,5.0,0.965,-17.966666666666665,9.696666666666667,42|123|456,200,696cbcd,2026-08-20T16:51:21Z,Diagnosis
10.0,10.0,0.965,-17.966666666666665,9.696666666666667,42|123|456,200,696cbcd,2026-08-20T16:52:15Z,Diagnosis
10.0,20.0,0.965,-17.966666666666665,9.696666666666667,42|123|456,200,696cbcd,2026-08-20T16:53:09Z,Diagnosis
10.0,50.0,0.965,-17.966666666666665,9.696666666666667,42|123|456,200,696cbcd,2026-08-20T16:54:03Z,Diagnosis
10.0,100.0,0.965,-17.966666666666665,9.696666666666667,42|123|456,200,696cbcd,2026-08-20T16:54:56Z,Diagnosis
0.1,0.01,0.6866666666666666,0.5531666666666666,3.296666666666667,42|123|456,200,696cbcd,2026-08-20T16:55:14Z,Bandit
0.1,0.1,0.8533333333333334,0.6165833333333334,5.028333333333333,42|123|456,200,696cbcd,2026-08-20T16:55:39Z,Bandit
0.1,0.5,0.965,0.5874166666666667,7.621666666666667,42|123|456,200,696cbcd,2026-08-20T16:56:15Z,Bandit
0.1,1.0,0.9883333333333333,0.5314166666666668,9.161666666666667,42|123|456,200,696cbcd,2026-08-20T16:56:58Z,Bandit
0.1,2.0,0.9916666666666667,0.5115,9.62,42|123|456,200,696cbcd,2026-08-20T16:57:42Z,Bandit
0.1,5.0,0.9983333333333333,0.43099999999999994,11.35,42|123|456,200,696cbcd,2026-08-20T16:58:34Z,Bandit
0.1,10.0,0.9983333333333333,0.3898333333333333,12.173333333333334,42|123|456,200,696cbcd,2026-08-20T16:59:29Z,Bandit
0.1,20.0,0.9983333333333333,0.3493333333333333,12.983333333333333,42|123|456,200,696cbcd,2026-08-20T17:00:28Z,Bandit
0.1,50.0,1.0,0.3126666666666666,13.746666666666666,42|123|456,200,696cbcd,2026-08-20T17:01:30Z,Bandit
0.1,100.0,1.0,0.2682499999999999,14.635,42|123|456,200,696cbcd,2026-08-20T17:02:36Z,Bandit
1.0,0.01,0.6866666666666666,5.531666666666666,3.296666666666667,42|123|456,200,696cbcd,2026-08-20T17:02:54Z,Bandit
1.0,0.1,0.6866666666666666,5.531666666666666,3.296666666666667,42|123|456,200,696cbcd,2026-08-20T17:03:12Z,Bandit
1.0,0.5,0.8816666666666667,5.9816666666666665,5.906666666666666,42|123|456,200,696cbcd,2026-08-20T17:03:42Z,Bandit
1.0,1.0,0.8533333333333334,6.1658333333333335,5.028333333333333,42|123|456,200,696cbcd,2026-08-20T17:04:07Z,Bandit
1.0,2.0,0.8533333333333334,6.1658333333333335,5.028333333333333,42|123|456,200,696cbcd,2026-08-20T17:04:33Z,Bandit
1.0,5.0,0.965,5.8741666666666665,7.621666666666667,42|123|456,200,696cbcd,2026-08-20T17:05:11Z,Bandit
1.0,10.0,0.9883333333333333,5.314166666666667,9.161666666666667,42|123|456,200,696cbcd,2026-08-20T17:05:55Z,Bandit
1.0,20.0,0.9916666666666667,5.115,9.62,42|123|456,200,696cbcd,2026-08-20T17:06:42Z,Bandit
1.0,50.0,0.9983333333333333,4.31,11.35,42|123|456,200,696cbcd,2026-08-20T17:07:35Z,Bandit
1.0,100.0,0.9983333333333333,3.8983333333333334,12.173333333333334,42|123|456,200,696cbcd,2026-08-20T17:08:31Z,Bandit
10.0,0.01,0.6866666666666666,55.31666666666667,3.296666666666667,42|123|456,200,696cbcd,2026-08-20T17:08:49Z,Bandit
10.0,0.1,0.6866666666666666,55.31666666666667,3.296666666666667,42|123|456,200,696cbcd,2026-08-20T17:09:07Z,Bandit
10.0,0.5,0.6866666666666666,55.31666666666667,3.296666666666667,42|123|456,200,696cbcd,2026-08-20T17:09:26Z,Bandit
10.0,1.0,0.6866666666666666,55.31666666666667,3.296666666666667,42|123|456,200,696cbcd,2026-08-20T17:09:44Z,Bandit
10.0,2.0,0.8616666666666667,57.43333333333333,6.023333333333333,42|123|456,200,696cbcd,2026-08-20T17:10:13Z,Bandit
10.0,5.0,0.8816666666666667,59.81666666666667,5.906666666666666,42|123|456,200,696cbcd,2026-08-20T17:10:43Z,Bandit
10.0,10.0,0.8533333333333334,61.65833333333333,5.028333333333333,42|123|456,200,696cbcd,2026-08-20T17:11:08Z,Bandit
10.0,20.0,0.8533333333333334,61.65833333333333,5.028333333333333,42|123|456,200,696cbcd,2026-08-20T17:11:33Z,Bandit
10.0,50.0,0.965,58.74166666666667,7.621666666666667,42|123|456,200,696cbcd,2026-08-20T17:12:10Z,Bandit
10.0,100.0,0.9883333333333333,53.141666666666666,9.161666666666667,42|123|456,200,696cbcd,2026-08-20T17:12:52Z,Bandit
