episode,seed,step,action,action_label,kind,sensing_cost,info_gain_weight,expected_info_gain,weighted_info_gain,expected_task_value,total_score,chosen
0,42,0,1,move(S),move,0.0,5.0,0.0,0.0,-25.96088444308125,-25.96088444308125,True
0,42,0,2,move(E),move,0.0,5.0,0.0,0.0,-27.38827209906154,-27.38827209906154,False
0,42,1,0,move(N),move,0.0,5.0,0.0,0.0,-27.960884443081255,-27.960884443081255,False
0,42,1,1,move(S),move,0.0,5.0,0.0,0.0,-28.960884443081248,-28.960884443081248,False
0,42,1,2,move(E),move,0.0,5.0,0.0,0.0,-27.960884443081255,-27.960884443081255,False
0,42,1,4,test0,observe,0.5,5.0,0.10016299580296106,0.5008149790148053,-26.074952840863972,-25.574137861849167,False
0,42,1,5,test1,observe,2.0,5.0,0.45582311138374915,2.279115556918746,-27.618867255857598,-25.33975169893885,True
0,42,1,6,diagnose(nominal),commit,0.0,5.0,0.0,0.0,-40.1,-40.1,False
0,42,1,7,diagnose(faulty),commit,0.0,5.0,0.0,0.0,-28.5,-28.5,False
0,42,2,0,move(N),move,0.0,5.0,0.0,0.0,-26.324520806717615,-26.324520806717615,False
0,42,2,1,move(S),move,0.0,5.0,0.0,0.0,-27.863636363636363,-27.863636363636363,False
0,42,2,2,move(E),move,0.0,5.0,0.0,0.0,-26.324520806717615,-26.324520806717615,False
0,42,2,4,test0,observe,0.5,5.0,0.02110238356428601,0.10551191782143005,-26.289643144324323,-26.184131226502892,True
0,42,2,5,test1,observe,2.0,5.0,0.10564010424839804,0.5282005212419902,-26.867393333147444,-26.339192811905452,False
0,42,2,6,diagnose(nominal),commit,0.0,5.0,0.0,0.0,-26.863636363636363,-26.863636363636363,False
0,42,2,7,diagnose(faulty),commit,0.0,5.0,0.0,0.0,-31.045454545454547,-31.045454545454547,False
0,42,3,0,move(N),move,0.0,5.0,0.0,0.0,-25.00088444308125,-25.00088444308125,True
0,42,3,1,move(S),move,0.0,5.0,0.0,0.0,-26.54,-26.54,False
0,42,3,2,move(E),move,0.0,5.0,0.0,0.0,-25.00088444308125,-25.00088444308125,False
0,42,3,4,test0,observe,0.5,5.0,0.009560397372751411,0.04780198686375706,-25.983471386066878,-25.93566939920312,False
0,42,3,5,test1,observe,2.0,5.0,0.04875703313598201,0.24378516567991004,-26.776379523814487,-26.532594358134578,False
0,42,3,6,diagnose(nominal),commit,0.0,5.0,0.0,0.0,-25.54,-25.54,False
0,42,3,7,diagnose(faulty),commit,0.0,5.0,0.0,0.0,-31.3,-31.3,False
0,42,4,1,move(S),move,0.0,5.0,0.0,0.0,-26.04,-26.04,False
0,42,4,2,move(E),move,0.0,5.0,0.0,0.0,-24.428272099061534,-24.428272099061534,True
0,42,5,1,move(S),move,0.0,5.0,0.0,0.0,-25.00088444308125,-25.00088444308125,False
0,42,5,2,move(E),move,0.0,5.0,0.0,0.0,-25.00088444308125,-25.00088444308125,False
0,42,5,3,move(W),move,0.0,5.0,0.0,0.0,-25.00088444308125,-25.00088444308125,False
0,42,5,4,test0,observe,0.5,5.0,0.10016299580296106,0.5008149790148053,-24.023101749856096,-23.52228677084129,False
0,42,5,5,test1,observe,2.0,5.0,0.45582311138374915,2.279115556918746,-25.617898376212867,-23.33878281929412,True
0,42,5,6,diagnose(nominal),commit,0.0,5.0,0.0,0.0,-38.64,-38.64,False
0,42,5,7,diagnose(faulty),commit,0.0,5.0,0.0,0.0,-27.04,-27.04,False
0,42,6,1,move(S),move,0.0,5.0,0.0,0.0,-24.364520806717614,-24.364520806717614,True
0,42,6,2,move(E),move,0.0,5.0,0.0,0.0,-24.364520806717614,-24.364520806717614,False
0,42,6,3,move(W),move,0.0,5.0,0.0,0.0,-24.903636363636362,-24.903636363636362,False
0,42,6,4,test0,observe,0.5,5.0,0.02110238356428601,0.10551191782143005,-24.769219155215797,-24.663707237394366,False
0,42,6,5,test1,observe,2.0,5.0,0.10564010424839804,0.5282005212419902,-25.397491649872027,-24.869291128630035,False
0,42,6,6,diagnose(nominal),commit,0.0,5.0,0.0,0.0,-25.403636363636362,-25.403636363636362,False
0,42,6,7,diagnose(faulty),commit,0.0,5.0,0.0,0.0,-29.585454545454546,-29.585454545454546,False
0,42,7,0,move(N),move,0.0,5.0,0.0,0.0,-25.22413122650289,-25.22413122650289,False
0,42,7,1,move(S),move,0.0,5.0,0.0,0.0,-24.864520806717618,-24.864520806717618,False
0,42,7,2,move(E),move,0.0,5.0,0.0,0.0,-22.864520806717614,-22.864520806717614,True
0,42,7,3,move(W),move,0.0,5.0,0.0,0.0,-24.403636363636362,-24.403636363636362,False
0,42,8,0,move(N),move,0.0,5.0,0.0,0.0,-24.364520806717614,-24.364520806717614,False
0,42,8,1,move(S),move,0.0,5.0,0.0,0.0,-24.364520806717614,-24.364520806717614,False
0,42,8,2,move(E),move,0.0,5.0,0.0,0.0,-24.364520806717614,-24.364520806717614,False
0,42,8,3,move(W),move,0.0,5.0,0.0,0.0,-24.364520806717614,-24.364520806717614,False
0,42,8,4,test0,observe,0.5,5.0,0.10016299580296106,0.5008149790148053,-22.66358920450034,-22.162774225485535,False
0,42,8,5,test1,observe,2.0,5.0,0.45582311138374915,2.279115556918746,-24.26387538621492,-21.984759829296173,True
0,42,8,6,diagnose(nominal),commit,0.0,5.0,0.0,0.0,-37.00363636363636,-37.00363636363636,False
0,42,8,7,diagnose(faulty),commit,0.0,5.0,0.0,0.0,-25.403636363636362,-25.403636363636362,False
0,42,9,0,move(N),move,0.0,5.0,0.0,0.0,-19.423344336129375,-19.423344336129375,True
0,42,9,1,move(S),move,0.0,5.0,0.0,0.0,-21.462459893048127,-21.462459893048127,False
0,42,9,2,move(E),move,0.0,5.0,0.0,0.0,-19.423344336129375,-19.423344336129375,False
0,42,9,3,move(W),move,0.0,5.0,0.0,0.0,-19.962459893048127,-19.962459893048127,False
0,42,9,4,test0,observe,0.5,5.0,0.0783959945435242,0.391979972717621,-20.31104723042648,-19.91906725770886,False
0,42,9,5,test1,observe,2.0,5.0,0.3647693136213839,1.8238465681069194,-21.657988127981397,-19.834141559874478,False
0,42,9,6,diagnose(nominal),commit,0.0,5.0,0.0,0.0,-62.69775401069519,-62.69775401069519,False
0,42,9,7,diagnose(faulty),commit,0.0,5.0,0.0,0.0,-20.462459893048127,-20.462459893048127,False
0,42,10,1,move(S),move,0.0,5.0,0.0,0.0,-20.59884744222742,-20.59884744222742,False
0,42,10,2,move(E),move,0.0,5.0,0.0,0.0,-15.923344336129382,-15.923344336129382,True
0,42,10,3,move(W),move,0.0,5.0,0.0,0.0,-20.282954755914652,-20.282954755914652,False
0,42,11,1,move(S),move,0.0,5.0,0.0,0.0,-19.423344336129375,-19.423344336129375,False
0,42,11,2,move(E),move,0.0,5.0,0.0,0.0,-19.423344336129375,-19.423344336129375,False
0,42,11,3,move(W),move,0.0,5.0,0.0,0.0,-19.423344336129375,-19.423344336129375,False
0,42,11,4,test0,observe,0.5,5.0,0.10016299580296106,0.5008149790148053,-16.142412733912103,-15.641597754897298,False
0,42,11,5,test1,observe,2.0,5.0,0.45582311138374915,2.279115556918746,-17.626327148905727,-15.34721159198698,True
0,42,11,6,diagnose(nominal),commit,0.0,5.0,0.0,0.0,-30.06245989304813,-30.06245989304813,False
0,42,11,7,diagnose(faulty),commit,0.0,5.0,0.0,0.0,-18.462459893048127,-18.462459893048127,False
0,42,12,1,move(S),move,0.0,5.0,0.0,0.0,-17.82609625668449,-17.82609625668449,False
0,42,12,2,move(E),move,0.0,5.0,0.0,0.0,-17.82609625668449,-17.82609625668449,False
0,42,12,3,move(W),move,0.0,5.0,0.0,0.0,-17.82609625668449,-17.82609625668449,False
0,42,12,4,test0,observe,0.5,5.0,0.02110238356428601,0.10551191782143005,-16.25210303737245,-16.14659111955102,True
0,42,12,5,test1,observe,2.0,5.0,0.10564010424839804,0.5282005212419902,-16.82985322619557,-16.30165270495358,False
0,42,12,6,diagnose(nominal),commit,0.0,5.0,0.0,0.0,-16.82609625668449,-16.82609625668449,False
0,42,12,7,diagnose(faulty),commit,0.0,5.0,0.0,0.0,-21.007914438502674,-21.007914438502674,False
0,42,13,1,move(S),move,0.0,5.0,0.0,0.0,-20.287052632353134,-20.287052632353134,False
0,42,13,2,move(E),move,0.0,5.0,0.0,0.0,-20.287052632353134,-20.287052632353134,False
0,42,13,3,move(W),move,0.0,5.0,0.0,0.0,-20.287052632353134,-20.287052632353134,False
0,42,13,4,test0,observe,0.5,5.0,0.04352780574233739,0.21763902871168694,-16.870219315749374,-16.652580287037686,False
0,42,13,5,test1,observe,2.0,5.0,0.2110814521389986,1.055407260694993,-17.11876927381593,-16.063362013120937,True
0,42,13,6,diagnose(nominal),commit,0.0,5.0,0.0,0.0,-19.662459893048123,-19.662459893048123,False
0,42,13,7,diagnose(faulty),commit,0.0,5.0,0.0,0.0,-20.462459893048127,-20.462459893048127,False
0,42,14,1,move(S),move,0.0,5.0,0.0,0.0,-16.09660623451154,-16.09660623451154,False
0,42,14,2,move(E),move,0.0,5.0,0.0,0.0,-16.09660623451154,-16.09660623451154,False
0,42,14,3,move(W),move,0.0,5.0,0.0,0.0,-16.09660623451154,-16.09660623451154,False
0,42,14,4,test0,observe,0.5,5.0,0.005881403536678945,0.029407017683394723,-15.596606234511542,-15.567199216828147,False
0,42,14,5,test1,observe,2.0,5.0,0.030184242599264985,0.15092121299632494,-16.726134705898676,-16.57521349290235,False
0,42,14,6,diagnose(nominal),commit,0.0,5.0,0.0,0.0,-15.09660623451154,-15.09660623451154,True
0,42,14,7,diagnose(faulty),commit,0.0,5.0,0.0,0.0,-21.340508673535933,-21.340508673535933,False
0,42,15,1,move(S),move,0.0,5.0,0.0,0.0,-16.462459893048127,-16.462459893048127,False
0,42,15,2,move(E),move,0.0,5.0,0.0,0.0,-17.462459893048127,-17.462459893048127,False
0,42,15,3,move(W),move,0.0,5.0,0.0,0.0,-16.352441189987953,-16.352441189987953,True
0,42,16,1,move(S),move,0.0,5.0,0.0,0.0,-15.59884744222742,-15.59884744222742,False
0,42,16,2,move(E),move,0.0,5.0,0.0,0.0,-16.962459893048127,-16.962459893048127,False
0,42,16,3,move(W),move,0.0,5.0,0.0,0.0,-15.282954755914654,-15.282954755914654,True
0,42,17,1,move(S),move,0.0,5.0,0.0,0.0,-14.962459893048125,-14.962459893048125,False
0,42,17,2,move(E),move,0.0,5.0,0.0,0.0,-16.352441189987953,-16.352441189987953,False
0,42,17,3,move(W),move,0.0,5.0,0.0,0.0,-14.962459893048125,-14.962459893048125,False
0,42,17,4,test0,observe,0.5,5.0,0.02110238356428601,0.10551191782143005,-14.828042684627558,-14.722530766806129,True
0,42,17,5,test1,observe,2.0,5.0,0.10564010424839804,0.5282005212419902,-15.45631517928379,-14.9281146580418,False
0,42,17,6,diagnose(nominal),commit,0.0,5.0,0.0,0.0,-15.462459893048125,-15.462459893048125,False
0,42,17,7,diagnose(faulty),commit,0.0,5.0,0.0,0.0,-19.644278074866307,-19.644278074866307,False
0,42,18,1,move(S),move,0.0,5.0,0.0,0.0,-13.638823529411763,-13.638823529411763,True
0,42,18,2,move(E),move,0.0,5.0,0.0,0.0,-15.138823529411761,-15.138823529411761,False
0,42,18,3,move(W),move,0.0,5.0,0.0,0.0,-13.638823529411763,-13.638823529411763,False
0,42,18,4,test0,observe,0.5,5.0,0.009560397372751411,0.04780198686375706,-14.429535947174653,-14.381733960310896,False
0,42,18,5,test1,observe,2.0,5.0,0.04875703313598201,0.24378516567991004,-15.361832835024671,-15.118047669344762,False
0,42,18,6,diagnose(nominal),commit,0.0,5.0,0.0,0.0,-14.138823529411761,-14.138823529411761,False
0,42,18,7,diagnose(faulty),commit,0.0,5.0,0.0,0.0,-19.898823529411764,-19.898823529411764,False
0,42,19,0,move(N),move,0.0,5.0,0.0,0.0,-14.638823529411761,-14.638823529411761,False
0,42,19,1,move(S),move,0.0,5.0,0.0,0.0,-13.599707972493015,-13.599707972493015,False
0,42,19,2,move(E),move,0.0,5.0,0.0,0.0,-14.275211078591058,-14.275211078591058,False
0,42,19,3,move(W),move,0.0,5.0,0.0,0.0,-13.138823529411763,-13.138823529411763,True
0,42,20,0,move(N),move,0.0,5.0,0.0,0.0,-13.638823529411763,-13.638823529411763,False
0,42,20,1,move(S),move,0.0,5.0,0.0,0.0,-13.638823529411763,-13.638823529411763,False
0,42,20,2,move(E),move,0.0,5.0,0.0,0.0,-13.638823529411763,-13.638823529411763,False
0,42,20,4,test0,observe,0.5,5.0,0.009560397372751411,0.04780198686375706,-13.082294915478643,-13.034492928614887,False
0,42,20,5,test1,observe,2.0,5.0,0.04875703313598201,0.24378516567991004,-13.87520305322625,-13.63141788754634,False
0,42,20,6,diagnose(nominal),commit,0.0,5.0,0.0,0.0,-12.638823529411761,-12.638823529411761,True
0,42,20,7,diagnose(faulty),commit,0.0,5.0,0.0,0.0,-18.398823529411764,-18.398823529411764,False
0,42,21,0,move(N),move,0.0,5.0,0.0,0.0,-13.598823529411762,-13.598823529411762,True
0,42,21,1,move(S),move,0.0,5.0,0.0,0.0,-14.598823529411764,-14.598823529411764,False
0,42,21,2,move(E),move,0.0,5.0,0.0,0.0,-13.598823529411762,-13.598823529411762,False
0,42,22,1,move(S),move,0.0,5.0,0.0,0.0,-14.098823529411762,-14.098823529411762,False
0,42,22,2,move(E),move,0.0,5.0,0.0,0.0,-13.098823529411762,-13.098823529411762,True
0,42,23,1,move(S),move,0.0,5.0,0.0,0.0,-13.598823529411762,-13.598823529411762,False
0,42,23,2,move(E),move,0.0,5.0,0.0,0.0,-13.598823529411762,-13.598823529411762,False
0,42,23,3,move(W),move,0.0,5.0,0.0,0.0,-13.598823529411762,-13.598823529411762,False
0,42,23,4,test0,observe,0.5,5.0,0.009560397372751411,0.04780198686375706,-12.889535947174652,-12.841733960310895,False
0,42,23,5,test1,observe,2.0,5.0,0.04875703313598201,0.24378516567991004,-13.821832835024672,-13.578047669344762,False
0,42,23,6,diagnose(nominal),commit,0.0,5.0,0.0,0.0,-12.598823529411762,-12.598823529411762,True
0,42,23,7,diagnose(faulty),commit,0.0,5.0,0.0,0.0,-18.358823529411765,-18.358823529411765,False
0,42,24,1,move(S),move,0.0,5.0,0.0,0.0,-12.558823529411763,-12.558823529411763,True
0,42,24,2,move(E),move,0.0,5.0,0.0,0.0,-12.558823529411763,-12.558823529411763,False
0,42,24,3,move(W),move,0.0,5.0,0.0,0.0,-14.558823529411763,-14.558823529411763,False
0,42,25,0,move(N),move,0.0,5.0,0.0,0.0,-14.058823529411763,-14.058823529411763,False
0,42,25,1,move(S),move,0.0,5.0,0.0,0.0,-11.019707972493016,-11.019707972493016,True
0,42,25,2,move(E),move,0.0,5.0,0.0,0.0,-11.695211078591058,-11.695211078591058,False
0,42,25,3,move(W),move,0.0,5.0,0.0,0.0,-14.058823529411763,-14.058823529411763,False
0,42,26,0,move(N),move,0.0,5.0,0.0,0.0,-12.558823529411763,-12.558823529411763,False
0,42,26,1,move(S),move,0.0,5.0,0.0,0.0,-10.447095628473303,-10.447095628473303,True
0,42,26,2,move(E),move,0.0,5.0,0.0,0.0,-12.558823529411763,-12.558823529411763,False
0,42,26,3,move(W),move,0.0,5.0,0.0,0.0,-13.558823529411763,-13.558823529411763,False
0,42,27,0,move(N),move,0.0,5.0,0.0,0.0,-11.019707972493016,-11.019707972493016,False
0,42,27,1,move(S),move,0.0,5.0,0.0,0.0,-11.019707972493016,-11.019707972493016,False
0,42,27,2,move(E),move,0.0,5.0,0.0,0.0,-10.019707972493016,-10.019707972493016,False
0,42,27,3,move(W),move,0.0,5.0,0.0,0.0,-11.019707972493016,-11.019707972493016,False
0,42,27,4,test0,observe,0.5,5.0,0.10016299580296106,0.5008149790148053,-10.04192527926786,-9.541110300253054,False
0,42,27,5,test1,observe,2.0,5.0,0.45582311138374915,2.279115556918746,-11.636721905624633,-9.357606348705886,True
0,42,27,6,diagnose(nominal),commit,0.0,5.0,0.0,0.0,-24.658823529411762,-24.658823529411762,False
0,42,27,7,diagnose(faulty),commit,0.0,5.0,0.0,0.0,-13.058823529411763,-13.058823529411763,False
0,42,28,0,move(N),move,0.0,5.0,0.0,0.0,-8.117647058823525,-8.117647058823525,False
0,42,28,1,move(S),move,0.0,5.0,0.0,0.0,-7.078531501904779,-7.078531501904779,False
0,42,28,2,move(E),move,0.0,5.0,0.0,0.0,-5.078531501904779,-5.078531501904779,True
0,42,28,3,move(W),move,0.0,5.0,0.0,0.0,-7.078531501904779,-7.078531501904779,False
0,42,28,4,test0,observe,0.5,5.0,0.0783959945435242,0.391979972717621,-7.8127049844371745,-7.420725011719553,False
0,42,28,5,test1,observe,2.0,5.0,0.3647693136213839,1.8238465681069194,-9.293954379163345,-7.470107811056426,False
0,42,28,6,diagnose(nominal),commit,0.0,5.0,0.0,0.0,-50.352941176470594,-50.352941176470594,False
0,42,28,7,diagnose(faulty),commit,0.0,5.0,0.0,0.0,-8.117647058823525,-8.117647058823525,False
0,42,29,0,move(N),move,0.0,5.0,0.0,0.0,-7.617647058823525,-7.617647058823525,False
0,42,29,1,move(S),move,0.0,5.0,0.0,0.0,-8.617647058823525,-8.617647058823525,False
0,42,29,2,move(E),move,0.0,5.0,0.0,0.0,-3.578531501904779,-3.578531501904779,True
0,42,29,3,move(W),move,0.0,5.0,0.0,0.0,-7.98932872564988,-7.98932872564988,False
0,42,30,0,move(N),move,0.0,5.0,0.0,0.0,-4.078531501904779,-4.078531501904779,False
0,42,30,1,move(S),move,0.0,5.0,0.0,0.0,-5.078531501904779,-5.078531501904779,False
0,42,30,2,move(E),move,0.0,5.0,0.0,0.0,-4.078531501904779,-4.078531501904779,False
0,42,30,3,move(W),move,0.0,5.0,0.0,0.0,-5.078531501904779,-5.078531501904779,False
0,42,30,4,test0,observe,0.5,5.0,0.10016299580296106,0.5008149790148053,-3.377599899687502,-2.8767849206726965,False
0,42,30,5,test1,observe,2.0,5.0,0.45582311138374915,2.279115556918746,-4.977886081402085,-2.6987705244833387,True
0,42,30,6,diagnose(nominal),commit,0.0,5.0,0.0,0.0,-17.717647058823523,-17.717647058823523,False
0,42,30,7,diagnose(faulty),commit,0.0,5.0,0.0,0.0,-6.117647058823525,-6.117647058823525,False
0,42,31,0,move(N),move,0.0,5.0,0.0,0.0,-2.4421678655411414,-2.4421678655411414,True
0,42,31,1,move(S),move,0.0,5.0,0.0,0.0,-5.481283422459889,-5.481283422459889,False
0,42,31,2,move(E),move,0.0,5.0,0.0,0.0,-2.4421678655411414,-2.4421678655411414,False
0,42,31,3,move(W),move,0.0,5.0,0.0,0.0,-5.481283422459889,-5.481283422459889,False
0,42,31,4,test0,observe,0.5,5.0,0.02110238356428601,0.10551191782143005,-3.9041389413120493,-3.7986270234906194,False
0,42,31,5,test1,observe,2.0,5.0,0.10564010424839804,0.5282005212419902,-4.485040391970969,-3.956839870728979,False
0,42,31,6,diagnose(nominal),commit,0.0,5.0,0.0,0.0,-4.481283422459889,-4.481283422459889,False
0,42,31,7,diagnose(faulty),commit,0.0,5.0,0.0,0.0,-8.663101604278072,-8.663101604278072,False
0,42,32,0,move(N),move,0.0,5.0,0.0,0.0,-5.981283422459889,-5.981283422459889,False
0,42,32,1,move(S),move,0.0,5.0,0.0,0.0,-4.593203507092616,-4.593203507092616,False
0,42,32,2,move(E),move,0.0,5.0,0.0,0.0,-1.8695555215214283,-1.8695555215214283,True
0,42,32,3,move(W),move,0.0,5.0,0.0,0.0,-5.981283422459889,-5.981283422459889,False
0,42,33,0,move(N),move,0.0,5.0,0.0,0.0,-2.4421678655411414,-2.4421678655411414,False
0,42,33,1,move(S),move,0.0,5.0,0.0,0.0,-2.4421678655411414,-2.4421678655411414,False
0,42,33,3,move(W),move,0.0,5.0,0.0,0.0,-2.4421678655411414,-2.4421678655411414,False
0,42,33,4,test0,observe,0.5,5.0,0.10016299580296106,0.5008149790148053,-1.4643851723159849,-0.9635701933011795,False
0,42,33,5,test1,observe,2.0,5.0,0.45582311138374915,2.279115556918746,-3.059181798672756,-0.7800662417540105,True
0,42,33,6,diagnose(nominal),commit,0.0,5.0,0.0,0.0,-16.081283422459887,-16.081283422459887,False
0,42,33,7,diagnose(faulty),commit,0.0,5.0,0.0,0.0,-4.481283422459889,-4.481283422459889,False
0,42,34,0,move(N),move,0.0,5.0,0.0,0.0,-3.73490108303608,-3.73490108303608,False
0,42,34,1,move(S),move,0.0,5.0,0.0,0.0,-3.73490108303608,-3.73490108303608,False
0,42,34,3,move(W),move,0.0,5.0,0.0,0.0,-3.73490108303608,-3.73490108303608,False
0,42,34,4,test0,observe,0.5,5.0,0.02110238356428601,0.10551191782143005,-2.210502577675684,-2.1049906598542543,True
0,42,34,5,test1,observe,2.0,5.0,0.10564010424839804,0.5282005212419902,-2.8387750723319165,-2.3105745510899265,False
0,42,34,6,diagnose(nominal),commit,0.0,5.0,0.0,0.0,-2.844919786096251,-2.844919786096251,False
0,42,34,7,diagnose(faulty),commit,0.0,5.0,0.0,0.0,-7.026737967914434,-7.026737967914434,False
0,42,35,0,move(N),move,0.0,5.0,0.0,0.0,-2.521283422459888,-2.521283422459888,False
0,42,35,1,move(S),move,0.0,5.0,0.0,0.0,-2.521283422459888,-2.521283422459888,False
0,42,35,3,move(W),move,0.0,5.0,0.0,0.0,-2.521283422459888,-2.521283422459888,False
0,42,35,4,test0,observe,0.5,5.0,0.009560397372751411,0.04780198686375706,-1.8119958402227785,-1.7641938533590213,False
0,42,35,5,test1,observe,2.0,5.0,0.04875703313598201,0.24378516567991004,-2.744292728072799,-2.500507562392889,False
0,42,35,6,diagnose(nominal),commit,0.0,5.0,0.0,0.0,-1.521283422459888,-1.521283422459888,True
0,42,35,7,diagnose(faulty),commit,0.0,5.0,0.0,0.0,-7.2812834224598895,-7.2812834224598895,False
0,42,36,0,move(N),move,0.0,5.0,0.0,0.0,-2.4812834224598883,-2.4812834224598883,True
0,42,36,1,move(S),move,0.0,5.0,0.0,0.0,-2.4812834224598883,-2.4812834224598883,False
0,42,36,3,move(W),move,0.0,5.0,0.0,0.0,-2.4812834224598883,-2.4812834224598883,False
0,42,37,0,move(N),move,0.0,5.0,0.0,0.0,-2.9812834224598883,-2.9812834224598883,False
0,42,37,1,move(S),move,0.0,5.0,0.0,0.0,-2.9812834224598883,-2.9812834224598883,False
0,42,37,3,move(W),move,0.0,5.0,0.0,0.0,-1.9812834224598883,-1.9812834224598883,True
0,42,38,0,move(N),move,0.0,5.0,0.0,0.0,-2.4812834224598883,-2.4812834224598883,False
0,42,38,1,move(S),move,0.0,5.0,0.0,0.0,-2.4812834224598883,-2.4812834224598883,False
0,42,38,2,move(E),move,0.0,5.0,0.0,0.0,-2.4812834224598883,-2.4812834224598883,False
0,42,38,3,move(W),move,0.0,5.0,0.0,0.0,-0.8529650892862436,-0.8529650892862436,True
0,42,39,0,move(N),move,0.0,5.0,0.0,0.0,-1.9812834224598883,-1.9812834224598883,False
0,42,39,1,move(S),move,0.0,5.0,0.0,0.0,-1.9812834224598883,-1.9812834224598883,False
0,42,39,2,move(E),move,0.0,5.0,0.0,0.0,-1.9812834224598883,-1.9812834224598883,False
0,42,39,3,move(W),move,0.0,5.0,0.0,0.0,-1.9812834224598883,-1.9812834224598883,False
0,42,39,4,test0,observe,0.5,5.0,0.0783959945435242,0.391979972717621,-0.6763413480735357,-0.28436137535591477,True
0,42,39,5,test1,observe,2.0,5.0,0.3647693136213839,1.8238465681069194,-2.1575907427997087,-0.3337441746927894,False
0,42,39,6,diagnose(nominal),commit,0.0,5.0,0.0,0.0,-43.21657754010696,-43.21657754010696,False
0,42,39,7,diagnose(faulty),commit,0.0,5.0,0.0,0.0,-0.9812834224598883,-0.9812834224598883,False
0,42,40,0,move(N),move,0.0,5.0,0.0,0.0,-0.9224598930481256,-0.9224598930481256,False
0,42,40,1,move(S),move,0.0,5.0,0.0,0.0,-0.9224598930481256,-0.9224598930481256,False
0,42,40,2,move(E),move,0.0,5.0,0.0,0.0,-0.9224598930481256,-0.9224598930481256,False
0,42,40,3,move(W),move,0.0,5.0,0.0,0.0,-0.9224598930481256,-0.9224598930481256,False
0,42,40,4,test0,observe,0.5,5.0,0.043527805742337056,0.21763902871168528,-0.20883165976908713,0.008807368942598148,False
0,42,40,5,test1,observe,2.0,5.0,0.21108145213899848,1.0554072606949925,-1.4287692738159286,-0.3733620131209361,False
0,42,40,6,diagnose(nominal),commit,0.0,5.0,0.0,0.0,-48.722459893048125,-48.722459893048125,False
0,42,40,7,diagnose(faulty),commit,0.0,5.0,0.0,0.0,0.07754010695187441,0.07754010695187441,True
0,42,41,0,move(N),move,0.0,5.0,0.0,0.0,-4.922459893048126,-4.922459893048126,False
0,42,41,1,move(S),move,0.0,5.0,0.0,0.0,-3.9224598930481256,-3.9224598930481256,True
0,42,41,2,move(E),move,0.0,5.0,0.0,0.0,-4.922459893048126,-4.922459893048126,False
0,42,41,3,move(W),move,0.0,5.0,0.0,0.0,-3.9224598930481256,-3.9224598930481256,False
0,42,42,0,move(N),move,0.0,5.0,0.0,0.0,-4.422459893048126,-4.422459893048126,False
0,42,42,1,move(S),move,0.0,5.0,0.0,0.0,-3.4224598930481256,-3.4224598930481256,True
0,42,42,2,move(E),move,0.0,5.0,0.0,0.0,-3.4224598930481256,-3.4224598930481256,False
0,42,42,3,move(W),move,0.0,5.0,0.0,0.0,-3.4224598930481256,-3.4224598930481256,False
0,42,43,0,move(N),move,0.0,5.0,0.0,0.0,-3.9224598930481256,-3.9224598930481256,False
0,42,43,1,move(S),move,0.0,5.0,0.0,0.0,-2.9224598930481256,-2.9224598930481256,False
0,42,43,2,move(E),move,0.0,5.0,0.0,0.0,-2.5343799776808527,-2.5343799776808527,False
0,42,43,3,move(W),move,0.0,5.0,0.0,0.0,-2.2941415598744808,-2.2941415598744808,True
0,42,44,0,move(N),move,0.0,5.0,0.0,0.0,-3.4224598930481256,-3.4224598930481256,False
0,42,44,1,move(S),move,0.0,5.0,0.0,0.0,0.6166556638706213,0.6166556638706213,True
0,42,44,2,move(E),move,0.0,5.0,0.0,0.0,-3.4224598930481256,-3.4224598930481256,False
0,42,44,3,move(W),move,0.0,5.0,0.0,0.0,0.6166556638706213,0.6166556638706213,False
0,42,44,4,test0,observe,0.5,5.0,0.0783959945435242,0.391979972717621,-2.1175178186617734,-1.7255378459441524,False
0,42,44,5,test1,observe,2.0,5.0,0.3647693136213839,1.8238465681069194,-3.598767213387946,-1.7749206452810267,False
0,42,44,6,diagnose(nominal),commit,0.0,5.0,0.0,0.0,-44.6577540106952,-44.6577540106952,False
0,42,44,7,diagnose(faulty),commit,0.0,5.0,0.0,0.0,-2.422459893048126,-2.422459893048126,False
0,42,45,0,move(N),move,0.0,5.0,0.0,0.0,-2.2941415598744808,-2.2941415598744808,False
0,42,45,2,move(E),move,0.0,5.0,0.0,0.0,-2.9224598930481256,-2.9224598930481256,False
0,42,45,3,move(W),move,0.0,5.0,0.0,0.0,1.1892680078903344,1.1892680078903344,True
0,42,46,0,move(N),move,0.0,5.0,0.0,0.0,0.6166556638706213,0.6166556638706213,False
0,42,46,2,move(E),move,0.0,5.0,0.0,0.0,0.6166556638706213,0.6166556638706213,False
0,42,46,4,test0,observe,0.5,5.0,0.10016299580296106,0.5008149790148053,1.5944383570957776,2.095253336110583,False
0,42,46,5,test1,observe,2.0,5.0,0.45582311138374915,2.279115556918746,-0.0003582692609933602,2.2787572876577524,True
0,42,46,6,diagnose(nominal),commit,0.0,5.0,0.0,0.0,-13.022459893048126,-13.022459893048126,False
0,42,46,7,diagnose(faulty),commit,0.0,5.0,0.0,0.0,-1.4224598930481256,-1.4224598930481256,False
0,42,47,0,move(N),move,0.0,5.0,0.0,0.0,-0.6760775536243171,-0.6760775536243171,False
0,42,47,2,move(E),move,0.0,5.0,0.0,0.0,-0.6760775536243171,-0.6760775536243171,False
0,42,47,4,test0,observe,0.5,5.0,0.02110238356428601,0.10551191782143005,0.8483209517360786,0.9538328695575087,True
0,42,47,5,test1,observe,2.0,5.0,0.10564010424839804,0.5282005212419902,0.22004845707984577,0.748248978321836,False
0,42,47,6,diagnose(nominal),commit,0.0,5.0,0.0,0.0,0.21390374331551154,0.21390374331551154,False
0,42,47,7,diagnose(faulty),commit,0.0,5.0,0.0,0.0,-3.9679144385026714,-3.9679144385026714,False
0,42,48,0,move(N),move,0.0,5.0,0.0,0.0,-0.24705263235313257,-0.24705263235313257,False
0,42,48,2,move(E),move,0.0,5.0,0.0,0.0,-0.24705263235313257,-0.24705263235313257,False
0,42,48,4,test0,observe,0.5,5.0,0.04352780574233739,0.21763902871168694,0.567241730739007,0.7848807594506939,False
0,42,48,5,test1,observe,2.0,5.0,0.2110814521389986,1.055407260694993,0.19123072618407067,1.2466379868790636,True
0,42,48,6,diagnose(nominal),commit,0.0,5.0,0.0,0.0,-2.622459893048123,-2.622459893048123,False
0,42,48,7,diagnose(faulty),commit,0.0,5.0,0.0,0.0,-3.4224598930481256,-3.4224598930481256,False
0,42,49,0,move(N),move,0.0,5.0,0.0,0.0,0.9433937654884601,0.9433937654884601,False
0,42,49,2,move(E),move,0.0,5.0,0.0,0.0,0.9433937654884601,0.9433937654884601,False
0,42,49,4,test0,observe,0.5,5.0,0.005881403536678945,0.029407017683394723,1.44339376548846,1.4728007831718548,False
0,42,49,5,test1,observe,2.0,5.0,0.030184242599264985,0.15092121299632494,0.3347084122955541,0.48562962529187903,False
0,42,49,6,diagnose(nominal),commit,0.0,5.0,0.0,0.0,1.94339376548846,1.94339376548846,True
0,42,49,7,diagnose(faulty),commit,0.0,5.0,0.0,0.0,-4.300508673535932,-4.300508673535932,False
0,42,50,0,move(N),move,0.0,5.0,0.0,0.0,0.5775401069518744,0.5775401069518744,True
0,42,50,2,move(E),move,0.0,5.0,0.0,0.0,0.5775401069518744,0.5775401069518744,False
0,42,51,0,move(N),move,0.0,5.0,0.0,0.0,0.07754010695187441,0.07754010695187441,False
0,42,51,1,move(S),move,0.0,5.0,0.0,0.0,0.07754010695187441,0.07754010695187441,False
0,42,51,2,move(E),move,0.0,5.0,0.0,0.0,1.7058584401255188,1.7058584401255188,True
0,42,52,0,move(N),move,0.0,5.0,0.0,0.0,0.5775401069518744,0.5775401069518744,False
0,42,52,1,move(S),move,0.0,5.0,0.0,0.0,0.5775401069518744,0.5775401069518744,False
0,42,52,2,move(E),move,0.0,5.0,0.0,0.0,0.5775401069518744,0.5775401069518744,False
0,42,52,3,move(W),move,0.0,5.0,0.0,0.0,0.5775401069518744,0.5775401069518744,False
0,42,52,4,test0,observe,0.5,5.0,0.0783959945435242,0.391979972717621,1.8824821813382269,2.274462154055848,True
0,42,52,5,test1,observe,2.0,5.0,0.3647693136213839,1.8238465681069194,0.4012327866120535,2.225079354718973,False
0,42,52,6,diagnose(nominal),commit,0.0,5.0,0.0,0.0,-40.65775401069519,-40.65775401069519,False
0,42,52,7,diagnose(faulty),commit,0.0,5.0,0.0,0.0,1.5775401069518744,1.5775401069518744,False
0,42,53,0,move(N),move,0.0,5.0,0.0,0.0,-0.6186279712680574,-0.6186279712680574,False
0,42,53,1,move(S),move,0.0,5.0,0.0,0.0,-0.6186279712680574,-0.6186279712680574,False
0,42,53,2,move(E),move,0.0,5.0,0.0,0.0,-0.6186279712680574,-0.6186279712680574,False
0,42,53,3,move(W),move,0.0,5.0,0.0,0.0,-0.6186279712680574,-0.6186279712680574,False
0,42,53,4,test0,observe,0.5,5.0,0.11170452775572826,0.5585226387786413,1.064727370952859,1.6232500097315004,False
0,42,53,5,test1,observe,2.0,5.0,0.5028478323198144,2.5142391615990722,-0.4955916522964374,2.018647509302635,True
0,42,53,6,diagnose(nominal),commit,0.0,5.0,0.0,0.0,-31.76363636363638,-31.76363636363638,False
0,42,53,7,diagnose(faulty),commit,0.0,5.0,0.0,0.0,-0.13286713286712848,-0.13286713286712848,False
0,42,54,0,move(N),move,0.0,5.0,0.0,0.0,2.0065435849497555,2.0065435849497555,False
0,42,54,1,move(S),move,0.0,5.0,0.0,0.0,2.0065435849497555,2.0065435849497555,False
0,42,54,2,move(E),move,0.0,5.0,0.0,0.0,2.0065435849497555,2.0065435849497555,False
0,42,54,3,move(W),move,0.0,5.0,0.0,0.0,2.0065435849497555,2.0065435849497555,False
0,42,54,4,test0,observe,0.5,5.0,0.02864840078346792,0.1432420039173396,2.506543584949755,2.6497855888670947,False
0,42,54,5,test1,observe,2.0,5.0,0.14180884490868154,0.7090442245434077,1.3231403391428456,2.032184563686253,False
0,42,54,6,diagnose(nominal),commit,0.0,5.0,0.0,0.0,-48.088572096284175,-48.088572096284175,False
0,42,54,7,diagnose(faulty),commit,0.0,5.0,0.0,0.0,3.0065435849497555,3.0065435849497555,True
0,42,55,0,move(N),move,0.0,5.0,0.0,0.0,-2.363636363636363,-2.363636363636363,False
0,42,55,1,move(S),move,0.0,5.0,0.0,0.0,-2.363636363636363,-2.363636363636363,False
0,42,55,2,move(E),move,0.0,5.0,0.0,0.0,-1.2536176605761915,-1.2536176605761915,True
0,42,55,3,move(W),move,0.0,5.0,0.0,0.0,-2.363636363636363,-2.363636363636363,False
0,42,56,0,move(N),move,0.0,5.0,0.0,0.0,-1.8636363636363629,-1.8636363636363629,False
0,42,56,1,move(S),move,0.0,5.0,0.0,0.0,-1.8636363636363629,-1.8636363636363629,False
0,42,56,2,move(E),move,0.0,5.0,0.0,0.0,-0.1841312265028901,-0.1841312265028901,True
0,42,56,3,move(W),move,0.0,5.0,0.0,0.0,-1.8636363636363629,-1.8636363636363629,False
0,42,57,0,move(N),move,0.0,5.0,0.0,0.0,-1.2536176605761915,-1.2536176605761915,False
0,42,57,1,move(S),move,0.0,5.0,0.0,0.0,-1.2536176605761915,-1.2536176605761915,False
0,42,57,2,move(E),move,0.0,5.0,0.0,0.0,-1.2536176605761915,-1.2536176605761915,False
0,42,57,3,move(W),move,0.0,5.0,0.0,0.0,-1.2536176605761915,-1.2536176605761915,False
0,42,57,4,test0,observe,0.5,5.0,0.02110238356428601,0.10551191782143005,0.27078084478420394,0.376292762605634,True
0,42,57,5,test1,observe,2.0,5.0,0.10564010424839804,0.5282005212419902,-0.3574916498720284,0.17070887136996182,False
0,42,57,6,diagnose(nominal),commit,0.0,5.0,0.0,0.0,-0.36363636363636287,-0.36363636363636287,False
0,42,57,7,diagnose(faulty),commit,0.0,5.0,0.0,0.0,-4.545454545454546,-4.545454545454546,False
0,42,58,0,move(N),move,0.0,5.0,0.0,0.0,-0.0399999999999997,-0.0399999999999997,False
0,42,58,1,move(S),move,0.0,5.0,0.0,0.0,-0.0399999999999997,-0.0399999999999997,False
0,42,58,2,move(E),move,0.0,5.0,0.0,0.0,-0.0399999999999997,-0.0399999999999997,False
0,42,58,3,move(W),move,0.0,5.0,0.0,0.0,-0.0399999999999997,-0.0399999999999997,False
0,42,58,4,test0,observe,0.5,5.0,0.009560397372751411,0.04780198686375706,0.66928758223711,0.7170895691008671,False
0,42,58,5,test1,observe,2.0,5.0,0.04875703313598201,0.24378516567991004,-0.2630093056129107,-0.01922413993300065,False
0,42,58,6,diagnose(nominal),commit,0.0,5.0,0.0,0.0,0.9600000000000003,0.9600000000000003,True
0,42,58,7,diagnose(faulty),commit,0.0,5.0,0.0,0.0,-4.800000000000001,-4.800000000000001,False
1,123,0,1,move(S),move,0.0,5.0,0.0,0.0,-25.96088444308125,-25.96088444308125,True
1,123,0,2,move(E),move,0.0,5.0,0.0,0.0,-27.38827209906154,-27.38827209906154,False
1,123,1,0,move(N),move,0.0,5.0,0.0,0.0,-27.960884443081255,-27.960884443081255,False
1,123,1,1,move(S),move,0.0,5.0,0.0,0.0,-28.960884443081248,-28.960884443081248,False
1,123,1,2,move(E),move,0.0,5.0,0.0,0.0,-27.960884443081255,-27.960884443081255,False
1,123,1,4,test0,observe,0.5,5.0,0.10016299580296106,0.5008149790148053,-26.074952840863972,-25.574137861849167,False
1,123,1,5,test1,observe,2.0,5.0,0.45582311138374915,2.279115556918746,-27.618867255857598,-25.33975169893885,True
1,123,1,6,diagnose(nominal),commit,0.0,5.0,0.0,0.0,-40.1,-40.1,False
1,123,1,7,diagnose(faulty),commit,0.0,5.0,0.0,0.0,-28.5,-28.5,False
1,123,2,0,move(N),move,0.0,5.0,0.0,0.0,-23.019707972493016,-23.019707972493016,False
1,123,2,1,move(S),move,0.0,5.0,0.0,0.0,-24.55882352941176,-24.55882352941176,False
1,123,2,2,move(E),move,0.0,5.0,0.0,0.0,-23.019707972493016,-23.019707972493016,False
1,123,2,4,test0,observe,0.5,5.0,0.0783959945435242,0.391979972717621,-23.63770498443718,-23.245725011719557,False
1,123,2,5,test1,observe,2.0,5.0,0.3647693136213839,1.8238465681069194,-24.754351764345035,-22.930505196238116,True
1,123,2,6,diagnose(nominal),commit,0.0,5.0,0.0,0.0,-65.79411764705884,-65.79411764705884,False
1,123,2,7,diagnose(faulty),commit,0.0,5.0,0.0,0.0,-23.55882352941176,-23.55882352941176,False
1,123,3,0,move(N),move,0.0,5.0,0.0,0.0,-21.24088444308125,-21.24088444308125,True
1,123,3,1,move(S),move,0.0,5.0,0.0,0.0,-22.78,-22.78,False
1,123,3,2,move(E),move,0.0,5.0,0.0,0.0,-21.24088444308125,-21.24088444308125,False
1,123,3,4,test0,observe,0.5,5.0,0.013262900168107938,0.06631450084053969,-22.279999999999998,-22.213685499159457,False
1,123,3,5,test1,observe,2.0,5.0,0.06722487560474495,0.33612437802372475,-23.78,-23.443875621976275,False
1,123,3,6,diagnose(nominal),commit,0.0,5.0,0.0,0.0,-75.04400000000001,-75.04400000000001,False
1,123,3,7,diagnose(faulty),commit,0.0,5.0,0.0,0.0,-21.78,-21.78,False
1,123,4,1,move(S),move,0.0,5.0,0.0,0.0,-22.28,-22.28,False
1,123,4,2,move(E),move,0.0,5.0,0.0,0.0,-20.66827209906154,-20.66827209906154,True
1,123,5,1,move(S),move,0.0,5.0,0.0,0.0,-21.24088444308125,-21.24088444308125,False
1,123,5,2,move(E),move,0.0,5.0,0.0,0.0,-21.24088444308125,-21.24088444308125,False
1,123,5,3,move(W),move,0.0,5.0,0.0,0.0,-21.24088444308125,-21.24088444308125,False
1,123,5,4,test0,observe,0.5,5.0,0.10016299580296106,0.5008149790148053,-20.263101749856098,-19.762286770841293,False
1,123,5,5,test1,observe,2.0,5.0,0.45582311138374915,2.279115556918746,-21.85789837621287,-19.578782819294123,True
1,123,5,6,diagnose(nominal),commit,0.0,5.0,0.0,0.0,-34.88,-34.88,False
1,123,5,7,diagnose(faulty),commit,0.0,5.0,0.0,0.0,-23.28,-23.28,False
1,123,6,1,move(S),move,0.0,5.0,0.0,0.0,-20.604520806717616,-20.604520806717616,True
1,123,6,2,move(E),move,0.0,5.0,0.0,0.0,-20.604520806717616,-20.604520806717616,False
1,123,6,3,move(W),move,0.0,5.0,0.0,0.0,-21.14363636363636,-21.14363636363636,False
1,123,6,4,test0,observe,0.5,5.0,0.02110238356428601,0.10551191782143005,-21.0092191552158,-20.903707237394368,False
1,123,6,5,test1,observe,2.0,5.0,0.10564010424839804,0.5282005212419902,-21.63749164987203,-21.109291128630037,False
1,123,6,6,diagnose(nominal),commit,0.0,5.0,0.0,0.0,-21.643636363636364,-21.643636363636364,False
1,123,6,7,diagnose(faulty),commit,0.0,5.0,0.0,0.0,-25.825454545454548,-25.825454545454548,False
1,123,7,0,move(N),move,0.0,5.0,0.0,0.0,-21.464131226502893,-21.464131226502893,False
1,123,7,1,move(S),move,0.0,5.0,0.0,0.0,-21.104520806717616,-21.104520806717616,False
1,123,7,2,move(E),move,0.0,5.0,0.0,0.0,-19.104520806717613,-19.104520806717613,True
1,123,7,3,move(W),move,0.0,5.0,0.0,0.0,-20.64363636363636,-20.64363636363636,False
1,123,8,0,move(N),move,0.0,5.0,0.0,0.0,-20.604520806717616,-20.604520806717616,False
1,123,8,1,move(S),move,0.0,5.0,0.0,0.0,-20.604520806717616,-20.604520806717616,False
1,123,8,2,move(E),move,0.0,5.0,0.0,0.0,-20.604520806717616,-20.604520806717616,False
1,123,8,3,move(W),move,0.0,5.0,0.0,0.0,-20.604520806717616,-20.604520806717616,False
1,123,8,4,test0,observe,0.5,5.0,0.10016299580296106,0.5008149790148053,-18.903589204500335,-18.40277422548553,False
1,123,8,5,test1,observe,2.0,5.0,0.45582311138374915,2.279115556918746,-20.50387538621492,-18.224759829296172,True
1,123,8,6,diagnose(nominal),commit,0.0,5.0,0.0,0.0,-33.24363636363636,-33.24363636363636,False
1,123,8,7,diagnose(faulty),commit,0.0,5.0,0.0,0.0,-21.64363636363636,-21.64363636363636,False
1,123,9,0,move(N),move,0.0,5.0,0.0,0.0,-15.663344336129377,-15.663344336129377,True
1,123,9,1,move(S),move,0.0,5.0,0.0,0.0,-17.702459893048122,-17.702459893048122,False
1,123,9,2,move(E),move,0.0,5.0,0.0,0.0,-15.663344336129377,-15.663344336129377,False
1,123,9,3,move(W),move,0.0,5.0,0.0,0.0,-16.20245989304813,-16.20245989304813,False
1,123,9,4,test0,observe,0.5,5.0,0.0783959945435242,0.391979972717621,-16.55104723042648,-16.15906725770886,False
1,123,9,5,test1,observe,2.0,5.0,0.3647693136213839,1.8238465681069194,-17.897988127981396,-16.074141559874477,False
1,123,9,6,diagnose(nominal),commit,0.0,5.0,0.0,0.0,-58.937754010695194,-58.937754010695194,False
1,123,9,7,diagnose(faulty),commit,0.0,5.0,0.0,0.0,-16.702459893048122,-16.702459893048122,False
1,123,10,1,move(S),move,0.0,5.0,0.0,0.0,-16.83884744222742,-16.83884744222742,False
1,123,10,2,move(E),move,0.0,5.0,0.0,0.0,-12.163344336129377,-12.163344336129377,True
1,123,10,3,move(W),move,0.0,5.0,0.0,0.0,-16.522954755914654,-16.522954755914654,False
1,123,11,1,move(S),move,0.0,5.0,0.0,0.0,-15.663344336129377,-15.663344336129377,False
1,123,11,2,move(E),move,0.0,5.0,0.0,0.0,-15.663344336129377,-15.663344336129377,False
1,123,11,3,move(W),move,0.0,5.0,0.0,0.0,-15.663344336129377,-15.663344336129377,False
1,123,11,4,test0,observe,0.5,5.0,0.10016299580296106,0.5008149790148053,-12.382412733912101,-11.881597754897296,False
1,123,11,5,test1,observe,2.0,5.0,0.45582311138374915,2.279115556918746,-13.866327148905725,-11.587211591986978,True
1,123,11,6,diagnose(nominal),commit,0.0,5.0,0.0,0.0,-26.302459893048123,-26.302459893048123,False
1,123,11,7,diagnose(faulty),commit,0.0,5.0,0.0,0.0,-14.702459893048125,-14.702459893048125,False
1,123,12,1,move(S),move,0.0,5.0,0.0,0.0,-14.066096256684489,-14.066096256684489,False
1,123,12,2,move(E),move,0.0,5.0,0.0,0.0,-14.066096256684489,-14.066096256684489,False
1,123,12,3,move(W),move,0.0,5.0,0.0,0.0,-14.066096256684489,-14.066096256684489,False
1,123,12,4,test0,observe,0.5,5.0,0.02110238356428601,0.10551191782143005,-12.492103037372445,-12.386591119551015,True
1,123,12,5,test1,observe,2.0,5.0,0.10564010424839804,0.5282005212419902,-13.069853226195569,-12.541652704953579,False
1,123,12,6,diagnose(nominal),commit,0.0,5.0,0.0,0.0,-13.066096256684489,-13.066096256684489,False
1,123,12,7,diagnose(faulty),commit,0.0,5.0,0.0,0.0,-17.247914438502672,-17.247914438502672,False
1,123,13,1,move(S),move,0.0,5.0,0.0,0.0,-12.742459893048125,-12.742459893048125,False
1,123,13,2,move(E),move,0.0,5.0,0.0,0.0,-12.742459893048125,-12.742459893048125,False
1,123,13,3,move(W),move,0.0,5.0,0.0,0.0,-12.742459893048125,-12.742459893048125,False
1,123,13,4,test0,observe,0.5,5.0,0.009560397372751411,0.04780198686375706,-12.206931279115006,-12.159129292251249,False
1,123,13,5,test1,observe,2.0,5.0,0.04875703313598201,0.24378516567991004,-12.978839416862613,-12.735054251182703,False
1,123,13,6,diagnose(nominal),commit,0.0,5.0,0.0,0.0,-11.742459893048125,-11.742459893048125,True
1,123,13,7,diagnose(faulty),commit,0.0,5.0,0.0,0.0,-17.502459893048126,-17.502459893048126,False
1,123,14,1,move(S),move,0.0,5.0,0.0,0.0,-12.702459893048125,-12.702459893048125,False
1,123,14,2,move(E),move,0.0,5.0,0.0,0.0,-13.702459893048125,-13.702459893048125,False
1,123,14,3,move(W),move,0.0,5.0,0.0,0.0,-12.592441189987953,-12.592441189987953,True
1,123,15,1,move(S),move,0.0,5.0,0.0,0.0,-11.83884744222742,-11.83884744222742,False
1,123,15,2,move(E),move,0.0,5.0,0.0,0.0,-13.202459893048125,-13.202459893048125,False
1,123,15,3,move(W),move,0.0,5.0,0.0,0.0,-11.522954755914654,-11.522954755914654,True
1,123,16,1,move(S),move,0.0,5.0,0.0,0.0,-11.202459893048125,-11.202459893048125,False
1,123,16,2,move(E),move,0.0,5.0,0.0,0.0,-12.592441189987953,-12.592441189987953,False
1,123,16,3,move(W),move,0.0,5.0,0.0,0.0,-11.202459893048125,-11.202459893048125,False
1,123,16,4,test0,observe,0.5,5.0,0.02110238356428601,0.10551191782143005,-11.068042684627558,-10.962530766806129,True
1,123,16,5,test1,observe,2.0,5.0,0.10564010424839804,0.5282005212419902,-11.69631517928379,-11.1681146580418,False
1,123,16,6,diagnose(nominal),commit,0.0,5.0,0.0,0.0,-11.702459893048125,-11.702459893048125,False
1,123,16,7,diagnose(faulty),commit,0.0,5.0,0.0,0.0,-15.884278074866309,-15.884278074866309,False
1,123,17,1,move(S),move,0.0,5.0,0.0,0.0,-12.16341626871677,-12.16341626871677,False
1,123,17,2,move(E),move,0.0,5.0,0.0,0.0,-12.16341626871677,-12.16341626871677,False
1,123,17,3,move(W),move,0.0,5.0,0.0,0.0,-12.16341626871677,-12.16341626871677,False
1,123,17,4,test0,observe,0.5,5.0,0.04352780574233739,0.21763902871168694,-11.349121905624632,-11.131482876912944,False
1,123,17,5,test1,observe,2.0,5.0,0.2110814521389986,1.055407260694993,-11.725132910179564,-10.66972564948457,True
1,123,17,6,diagnose(nominal),commit,0.0,5.0,0.0,0.0,-14.53882352941176,-14.53882352941176,False
1,123,17,7,diagnose(faulty),commit,0.0,5.0,0.0,0.0,-15.338823529411762,-15.338823529411762,False
1,123,18,1,move(S),move,0.0,5.0,0.0,0.0,-9.472969870875177,-9.472969870875177,True
1,123,18,2,move(E),move,0.0,5.0,0.0,0.0,-10.972969870875176,-10.972969870875176,False
1,123,18,3,move(W),move,0.0,5.0,0.0,0.0,-9.472969870875177,-9.472969870875177,False
1,123,18,4,test0,observe,0.5,5.0,0.005881403536678945,0.029407017683394723,-10.472969870875177,-10.443562853191782,False
1,123,18,5,test1,observe,2.0,5.0,0.030184242599264985,0.15092121299632494,-11.581655224068081,-11.430734011071756,False
1,123,18,6,diagnose(nominal),commit,0.0,5.0,0.0,0.0,-9.972969870875176,-9.972969870875176,False
1,123,18,7,diagnose(faulty),commit,0.0,5.0,0.0,0.0,-16.216872309899568,-16.216872309899568,False
1,123,19,0,move(N),move,0.0,5.0,0.0,0.0,-10.472969870875176,-10.472969870875176,False
1,123,19,1,move(S),move,0.0,5.0,0.0,0.0,-9.433854313956427,-9.433854313956427,False
1,123,19,2,move(E),move,0.0,5.0,0.0,0.0,-10.10935742005447,-10.10935742005447,False
1,123,19,3,move(W),move,0.0,5.0,0.0,0.0,-8.972969870875177,-8.972969870875177,True
1,123,20,0,move(N),move,0.0,5.0,0.0,0.0,-9.472969870875177,-9.472969870875177,False
1,123,20,1,move(S),move,0.0,5.0,0.0,0.0,-9.472969870875177,-9.472969870875177,False
1,123,20,2,move(E),move,0.0,5.0,0.0,0.0,-9.472969870875177,-9.472969870875177,False
1,123,20,4,test0,observe,0.5,5.0,0.013262900168107938,0.06631450084053969,-8.972969870875177,-8.906655370034638,False
1,123,20,5,test1,observe,2.0,5.0,0.06722487560474495,0.33612437802372475,-10.472969870875177,-10.136845492851453,False
1,123,20,6,diagnose(nominal),commit,0.0,5.0,0.0,0.0,-61.736969870875186,-61.736969870875186,False
1,123,20,7,diagnose(faulty),commit,0.0,5.0,0.0,0.0,-8.472969870875177,-8.472969870875177,True
1,123,21,0,move(N),move,0.0,5.0,0.0,0.0,-13.192969870875178,-13.192969870875178,False
1,123,21,1,move(S),move,0.0,5.0,0.0,0.0,-14.192969870875178,-14.192969870875178,False
1,123,21,2,move(E),move,0.0,5.0,0.0,0.0,-13.192969870875176,-13.192969870875176,True
1,123,22,0,move(N),move,0.0,5.0,0.0,0.0,-12.692969870875178,-12.692969870875178,False
1,123,22,1,move(S),move,0.0,5.0,0.0,0.0,-11.65385431395643,-11.65385431395643,True
1,123,22,2,move(E),move,0.0,5.0,0.0,0.0,-12.329357420054471,-12.329357420054471,False
1,123,22,3,move(W),move,0.0,5.0,0.0,0.0,-13.692969870875178,-13.692969870875178,False
1,123,23,0,move(N),move,0.0,5.0,0.0,0.0,-13.192969870875176,-13.192969870875176,False
1,123,23,1,move(S),move,0.0,5.0,0.0,0.0,-11.081241969936716,-11.081241969936716,True
1,123,23,2,move(E),move,0.0,5.0,0.0,0.0,-13.192969870875176,-13.192969870875176,False
1,123,23,3,move(W),move,0.0,5.0,0.0,0.0,-14.192969870875178,-14.192969870875178,False
1,123,24,0,move(N),move,0.0,5.0,0.0,0.0,-11.65385431395643,-11.65385431395643,False
1,123,24,1,move(S),move,0.0,5.0,0.0,0.0,-11.65385431395643,-11.65385431395643,False
1,123,24,2,move(E),move,0.0,5.0,0.0,0.0,-11.65385431395643,-11.65385431395643,False
1,123,24,3,move(W),move,0.0,5.0,0.0,0.0,-11.65385431395643,-11.65385431395643,False
1,123,24,4,test0,observe,0.5,5.0,0.10016299580296106,0.5008149790148053,-10.676071620731275,-10.17525664171647,False
1,123,24,5,test1,observe,2.0,5.0,0.45582311138374915,2.279115556918746,-12.270868247088046,-9.9917526901693,True
1,123,24,6,diagnose(nominal),commit,0.0,5.0,0.0,0.0,-25.292969870875176,-25.292969870875176,False
1,123,24,7,diagnose(faulty),commit,0.0,5.0,0.0,0.0,-13.692969870875178,-13.692969870875178,False
1,123,25,0,move(N),move,0.0,5.0,0.0,0.0,-12.05660623451154,-12.05660623451154,False
1,123,25,1,move(S),move,0.0,5.0,0.0,0.0,-11.017490677592793,-11.017490677592793,True
1,123,25,2,move(E),move,0.0,5.0,0.0,0.0,-11.017490677592793,-11.017490677592793,False
1,123,25,3,move(W),move,0.0,5.0,0.0,0.0,-11.017490677592793,-11.017490677592793,False
1,123,25,4,test0,observe,0.5,5.0,0.02110238356428601,0.10551191782143005,-11.422189026090976,-11.316677108269547,False
1,123,25,5,test1,observe,2.0,5.0,0.10564010424839804,0.5282005212419902,-12.050461520747206,-11.522260999505216,False
1,123,25,6,diagnose(nominal),commit,0.0,5.0,0.0,0.0,-12.056606234511541,-12.056606234511541,False
1,123,25,7,diagnose(faulty),commit,0.0,5.0,0.0,0.0,-16.238424416329725,-16.238424416329725,False
1,123,26,0,move(N),move,0.0,5.0,0.0,0.0,-11.87710109737807,-11.87710109737807,False
1,123,26,2,move(E),move,0.0,5.0,0.0,0.0,-13.55660623451154,-13.55660623451154,False
1,123,26,3,move(W),move,0.0,5.0,0.0,0.0,-8.517490677592793,-8.517490677592793,True
1,123,27,0,move(N),move,0.0,5.0,0.0,0.0,-11.017490677592793,-11.017490677592793,False
1,123,27,2,move(E),move,0.0,5.0,0.0,0.0,-11.017490677592793,-11.017490677592793,False
1,123,27,4,test0,observe,0.5,5.0,0.10016299580296106,0.5008149790148053,-8.526559075375516,-8.025744096360711,False
1,123,27,5,test1,observe,2.0,5.0,0.45582311138374915,2.279115556918746,-10.096845257090099,-7.817729700171353,True
1,123,27,6,diagnose(nominal),commit,0.0,5.0,0.0,0.0,-22.65660623451154,-22.65660623451154,False
1,123,27,7,diagnose(faulty),commit,0.0,5.0,0.0,0.0,-11.05660623451154,-11.05660623451154,False
1,123,28,0,move(N),move,0.0,5.0,0.0,0.0,-7.115429763923302,-7.115429763923302,False
1,123,28,2,move(E),move,0.0,5.0,0.0,0.0,-7.115429763923302,-7.115429763923302,False
1,123,28,4,test0,observe,0.5,5.0,0.0783959945435242,0.391979972717621,-6.117546513066362,-5.725566540348741,False
1,123,28,5,test1,observe,2.0,5.0,0.3647693136213839,1.8238465681069194,-7.310957998856576,-5.487111430749657,True
1,123,28,6,diagnose(nominal),commit,0.0,5.0,0.0,0.0,-48.350723881570374,-48.350723881570374,False
1,123,28,7,diagnose(faulty),commit,0.0,5.0,0.0,0.0,-6.115429763923302,-6.115429763923302,False
1,123,29,0,move(N),move,0.0,5.0,0.0,0.0,-5.336606234511539,-5.336606234511539,False
1,123,29,2,move(E),move,0.0,5.0,0.0,0.0,-5.336606234511539,-5.336606234511539,False
1,123,29,4,test0,observe,0.5,5.0,0.013262900168107938,0.06631450084053969,-4.836606234511538,-4.770291733670998,False
1,123,29,5,test1,observe,2.0,5.0,0.06722487560474495,0.33612437802372475,-6.324500070531086,-5.988375692507361,False
1,123,29,6,diagnose(nominal),commit,0.0,5.0,0.0,0.0,-57.600606234511545,-57.600606234511545,False
1,123,29,7,diagnose(faulty),commit,0.0,5.0,0.0,0.0,-4.336606234511539,-4.336606234511539,True
1,123,30,0,move(N),move,0.0,5.0,0.0,0.0,-8.05660623451154,-8.05660623451154,True
1,123,30,2,move(E),move,0.0,5.0,0.0,0.0,-8.05660623451154,-8.05660623451154,False
1,123,31,0,move(N),move,0.0,5.0,0.0,0.0,-8.55660623451154,-8.55660623451154,False
1,123,31,1,move(S),move,0.0,5.0,0.0,0.0,-9.55660623451154,-9.55660623451154,False
1,123,31,2,move(E),move,0.0,5.0,0.0,0.0,-7.168526319144267,-7.168526319144267,True
1,123,32,0,move(N),move,0.0,5.0,0.0,0.0,-8.05660623451154,-8.05660623451154,False
1,123,32,1,move(S),move,0.0,5.0,0.0,0.0,-8.05660623451154,-8.05660623451154,False
1,123,32,2,move(E),move,0.0,5.0,0.0,0.0,-7.017490677592792,-7.017490677592792,False
1,123,32,3,move(W),move,0.0,5.0,0.0,0.0,-8.05660623451154,-8.05660623451154,False
1,123,32,4,test0,observe,0.5,5.0,0.02110238356428601,0.10551191782143005,-6.479461753363701,-6.373949835542271,True
1,123,32,5,test1,observe,2.0,5.0,0.10564010424839804,0.5282005212419902,-7.060363204022621,-6.532162682780631,False
1,123,32,6,diagnose(nominal),commit,0.0,5.0,0.0,0.0,-7.0566062345115395,-7.0566062345115395,False
1,123,32,7,diagnose(faulty),commit,0.0,5.0,0.0,0.0,-11.238424416329723,-11.238424416329723,False
1,123,33,0,move(N),move,0.0,5.0,0.0,0.0,-8.517562610180184,-8.517562610180184,False
1,123,33,1,move(S),move,0.0,5.0,0.0,0.0,-8.517562610180184,-8.517562610180184,False
1,123,33,2,move(E),move,0.0,5.0,0.0,0.0,-8.517562610180184,-8.517562610180184,False
1,123,33,3,move(W),move,0.0,5.0,0.0,0.0,-8.517562610180184,-8.517562610180184,False
1,123,33,4,test0,observe,0.5,5.0,0.04352780574233739,0.21763902871168694,-6.920729293576425,-6.703090264864738,False
1,123,33,5,test1,observe,2.0,5.0,0.2110814521389986,1.055407260694993,-7.1692792516429815,-6.113871990947988,True
1,123,33,6,diagnose(nominal),commit,0.0,5.0,0.0,0.0,-9.892969870875174,-9.892969870875174,False
1,123,33,7,diagnose(faulty),commit,0.0,5.0,0.0,0.0,-10.692969870875178,-10.692969870875178,False
1,123,34,0,move(N),move,0.0,5.0,0.0,0.0,-7.637947838821582,-7.637947838821582,False
1,123,34,1,move(S),move,0.0,5.0,0.0,0.0,-7.637947838821582,-7.637947838821582,False
1,123,34,2,move(E),move,0.0,5.0,0.0,0.0,-6.6538543139564315,-6.6538543139564315,False
1,123,34,3,move(W),move,0.0,5.0,0.0,0.0,-7.637947838821582,-7.637947838821582,False
1,123,34,4,test0,observe,0.5,5.0,0.1187091007693073,0.5935455038465365,-5.075800397378256,-4.482254893531719,False
1,123,34,5,test1,observe,2.0,5.0,0.5310044064107189,2.655022032053594,-6.600314257642856,-3.945292225589262,True
1,123,34,6,diagnose(nominal),commit,0.0,5.0,0.0,0.0,-30.692969870875174,-30.692969870875174,False
1,123,34,7,diagnose(faulty),commit,0.0,5.0,0.0,0.0,-6.692969870875178,-6.692969870875178,False
1,123,35,0,move(N),move,0.0,5.0,0.0,0.0,-3.692969870875177,-3.692969870875177,False
1,123,35,1,move(S),move,0.0,5.0,0.0,0.0,-3.692969870875177,-3.692969870875177,False
1,123,35,2,move(E),move,0.0,5.0,0.0,0.0,-2.65385431395643,-2.65385431395643,True
1,123,35,3,move(W),move,0.0,5.0,0.0,0.0,-3.692969870875177,-3.692969870875177,False
1,123,35,4,test0,observe,0.5,5.0,0.043527805742337056,0.21763902871168528,-3.069341637596139,-2.851702608884454,False
1,123,35,5,test1,observe,2.0,5.0,0.21108145213899848,1.0554072606949925,-4.28927925164298,-3.2338719909479874,False
1,123,35,6,diagnose(nominal),commit,0.0,5.0,0.0,0.0,-51.49296987087517,-51.49296987087517,False
1,123,35,7,diagnose(faulty),commit,0.0,5.0,0.0,0.0,-2.692969870875177,-2.692969870875177,False
1,123,36,0,move(N),move,0.0,5.0,0.0,0.0,-3.192969870875177,-3.192969870875177,False
1,123,36,1,move(S),move,0.0,5.0,0.0,0.0,-5.192969870875177,-5.192969870875177,False
1,123,36,2,move(E),move,0.0,5.0,0.0,0.0,-1.1538543139564301,-1.1538543139564301,True
1,123,36,3,move(W),move,0.0,5.0,0.0,0.0,-3.192969870875177,-3.192969870875177,False
1,123,37,0,move(N),move,0.0,5.0,0.0,0.0,-2.65385431395643,-2.65385431395643,False
1,123,37,1,move(S),move,0.0,5.0,0.0,0.0,-2.65385431395643,-2.65385431395643,False
1,123,37,2,move(E),move,0.0,5.0,0.0,0.0,-2.65385431395643,-2.65385431395643,False
1,123,37,3,move(W),move,0.0,5.0,0.0,0.0,-2.65385431395643,-2.65385431395643,False
1,123,37,4,test0,observe,0.5,5.0,0.10016299580296106,0.5008149790148053,-0.9529227117391532,-0.4521077327243479,False
1,123,37,5,test1,observe,2.0,5.0,0.45582311138374915,2.279115556918746,-2.553208893453736,-0.27409333653499035,True
1,123,37,6,diagnose(nominal),commit,0.0,5.0,0.0,0.0,-15.292969870875176,-15.292969870875176,False
1,123,37,7,diagnose(faulty),commit,0.0,5.0,0.0,0.0,-3.692969870875177,-3.692969870875177,False
1,123,38,0,move(N),move,0.0,5.0,0.0,0.0,-1.017490677592793,-1.017490677592793,True
1,123,38,1,move(S),move,0.0,5.0,0.0,0.0,-3.05660623451154,-3.05660623451154,False
1,123,38,2,move(E),move,0.0,5.0,0.0,0.0,-1.017490677592793,-1.017490677592793,False
1,123,38,3,move(W),move,0.0,5.0,0.0,0.0,-2.0566062345115395,-2.0566062345115395,False
1,123,38,4,test0,observe,0.5,5.0,0.02110238356428601,0.10551191782143005,-1.4794617533637004,-1.3739498355422703,False
1,123,38,5,test1,observe,2.0,5.0,0.10564010424839804,0.5282005212419902,-2.0603632040226207,-1.5321626827806305,False
1,123,38,6,diagnose(nominal),commit,0.0,5.0,0.0,0.0,-2.05660623451154,-2.05660623451154,False
1,123,38,7,diagnose(faulty),commit,0.0,5.0,0.0,0.0,-6.238424416329723,-6.238424416329723,False
1,123,39,0,move(N),move,0.0,5.0,0.0,0.0,-1.55660623451154,-1.55660623451154,False
1,123,39,1,move(S),move,0.0,5.0,0.0,0.0,-2.168526319144267,-2.168526319144267,False
1,123,39,2,move(E),move,0.0,5.0,0.0,0.0,2.482509322407207,2.482509322407207,True
1,123,39,3,move(W),move,0.0,5.0,0.0,0.0,-1.55660623451154,-1.55660623451154,False
1,123,40,0,move(N),move,0.0,5.0,0.0,0.0,-1.017490677592793,-1.017490677592793,False
1,123,40,1,move(S),move,0.0,5.0,0.0,0.0,-1.017490677592793,-1.017490677592793,False
1,123,40,3,move(W),move,0.0,5.0,0.0,0.0,-1.017490677592793,-1.017490677592793,False
1,123,40,4,test0,observe,0.5,5.0,0.10016299580296106,0.5008149790148053,2.2634409246244838,2.764255903639289,False
1,123,40,5,test1,observe,2.0,5.0,0.45582311138374915,2.279115556918746,0.7795265096308617,3.0586420665496075,True
1,123,40,6,diagnose(nominal),commit,0.0,5.0,0.0,0.0,-11.656606234511539,-11.656606234511539,False
1,123,40,7,diagnose(faulty),commit,0.0,5.0,0.0,0.0,-0.0566062345115399,-0.0566062345115399,False
1,123,41,0,move(N),move,0.0,5.0,0.0,0.0,3.884570236076698,3.884570236076698,False
1,123,41,1,move(S),move,0.0,5.0,0.0,0.0,3.884570236076698,3.884570236076698,False
1,123,41,3,move(W),move,0.0,5.0,0.0,0.0,3.884570236076698,3.884570236076698,False
1,123,41,4,test0,observe,0.5,5.0,0.0783959945435242,0.391979972717621,4.728924075168933,5.120904047886555,False
1,123,41,5,test1,observe,2.0,5.0,0.3647693136213839,1.8238465681069194,3.689042001143422,5.512888569250341,True
1,123,41,6,diagnose(nominal),commit,0.0,5.0,0.0,0.0,-37.350723881570374,-37.350723881570374,False
1,123,41,7,diagnose(faulty),commit,0.0,5.0,0.0,0.0,4.884570236076698,4.884570236076698,False
1,123,42,0,move(N),move,0.0,5.0,0.0,0.0,5.663393765488461,5.663393765488461,False
1,123,42,1,move(S),move,0.0,5.0,0.0,0.0,5.663393765488461,5.663393765488461,False
1,123,42,3,move(W),move,0.0,5.0,0.0,0.0,5.663393765488461,5.663393765488461,False
1,123,42,4,test0,observe,0.5,5.0,0.013262900168107938,0.06631450084053969,6.163393765488461,6.229708266329001,False
1,123,42,5,test1,observe,2.0,5.0,0.06722487560474495,0.33612437802372475,4.66339376548846,4.999518143512185,False
1,123,42,6,diagnose(nominal),commit,0.0,5.0,0.0,0.0,-46.600606234511545,-46.600606234511545,False
1,123,42,7,diagnose(faulty),commit,0.0,5.0,0.0,0.0,6.663393765488461,6.663393765488461,True
1,123,43,0,move(N),move,0.0,5.0,0.0,0.0,1.94339376548846,1.94339376548846,True
1,123,43,1,move(S),move,0.0,5.0,0.0,0.0,1.94339376548846,1.94339376548846,False
1,123,43,3,move(W),move,0.0,5.0,0.0,0.0,1.94339376548846,1.94339376548846,False
1,123,44,0,move(N),move,0.0,5.0,0.0,0.0,2.44339376548846,2.44339376548846,False
1,123,44,1,move(S),move,0.0,5.0,0.0,0.0,1.44339376548846,1.44339376548846,False
1,123,44,3,move(W),move,0.0,5.0,0.0,0.0,3.4433937654884605,3.4433937654884605,True
1,123,45,0,move(N),move,0.0,5.0,0.0,0.0,2.9433937654884605,2.9433937654884605,False
1,123,45,1,move(S),move,0.0,5.0,0.0,0.0,1.94339376548846,1.94339376548846,False
1,123,45,2,move(E),move,0.0,5.0,0.0,0.0,1.94339376548846,1.94339376548846,False
1,123,45,3,move(W),move,0.0,5.0,0.0,0.0,4.307006216309164,4.307006216309164,True
1,123,46,0,move(N),move,0.0,5.0,0.0,0.0,3.4433937654884605,3.4433937654884605,False
1,123,46,1,move(S),move,0.0,5.0,0.0,0.0,3.4433937654884605,3.4433937654884605,False
1,123,46,2,move(E),move,0.0,5.0,0.0,0.0,3.4433937654884605,3.4433937654884605,False
1,123,46,3,move(W),move,0.0,5.0,0.0,0.0,3.4433937654884605,3.4433937654884605,False
1,123,46,4,test0,observe,0.5,5.0,0.0783959945435242,0.391979972717621,4.594806428110108,4.98678640082773,False
1,123,46,5,test1,observe,2.0,5.0,0.3647693136213839,1.8238465681069194,3.2478655305551856,5.071712098662105,True
1,123,46,6,diagnose(nominal),commit,0.0,5.0,0.0,0.0,-37.79190035215861,-37.79190035215861,False
1,123,46,7,diagnose(faulty),commit,0.0,5.0,0.0,0.0,4.4433937654884605,4.4433937654884605,False
1,123,47,0,move(N),move,0.0,5.0,0.0,0.0,5.222217294900224,5.222217294900224,False
1,123,47,1,move(S),move,0.0,5.0,0.0,0.0,5.222217294900224,5.222217294900224,False
1,123,47,2,move(E),move,0.0,5.0,0.0,0.0,5.222217294900224,5.222217294900224,False
1,123,47,3,move(W),move,0.0,5.0,0.0,0.0,5.222217294900224,5.222217294900224,False
1,123,47,4,test0,observe,0.5,5.0,0.013262900168107938,0.06631450084053969,5.722217294900224,5.788531795740764,False
1,123,47,5,test1,observe,2.0,5.0,0.06722487560474495,0.33612437802372475,4.266723458880677,4.602847836904402,False
1,123,47,6,diagnose(nominal),commit,0.0,5.0,0.0,0.0,-47.041782705099784,-47.041782705099784,False
1,123,47,7,diagnose(faulty),commit,0.0,5.0,0.0,0.0,6.222217294900224,6.222217294900224,True
1,123,48,0,move(N),move,0.0,5.0,0.0,0.0,1.5022172949002228,1.5022172949002228,True
1,123,48,1,move(S),move,0.0,5.0,0.0,0.0,0.5022172949002228,0.5022172949002228,False
1,123,48,2,move(E),move,0.0,5.0,0.0,0.0,0.5022172949002228,0.5022172949002228,False
1,123,48,3,move(W),move,0.0,5.0,0.0,0.0,1.5022172949002228,1.5022172949002228,False
1,123,49,1,move(S),move,0.0,5.0,0.0,0.0,1.0022172949002228,1.0022172949002228,False
1,123,49,2,move(E),move,0.0,5.0,0.0,0.0,1.0022172949002228,1.0022172949002228,False
1,123,49,3,move(W),move,0.0,5.0,0.0,0.0,2.002217294900223,2.002217294900223,True
1,123,50,1,move(S),move,0.0,5.0,0.0,0.0,1.5022172949002228,1.5022172949002228,False
1,123,50,2,move(E),move,0.0,5.0,0.0,0.0,1.5022172949002228,1.5022172949002228,False
1,123,50,3,move(W),move,0.0,5.0,0.0,0.0,1.5022172949002228,1.5022172949002228,False
1,123,50,4,test0,observe,0.5,5.0,0.005881403536678945,0.029407017683394723,2.002217294900223,2.0316243125836175,False
1,123,50,5,test1,observe,2.0,5.0,0.030184242599264985,0.15092121299632494,0.8935319417073169,1.0444531547036418,False
1,123,50,6,diagnose(nominal),commit,0.0,5.0,0.0,0.0,2.502217294900223,2.502217294900223,True
1,123,50,7,diagnose(faulty),commit,0.0,5.0,0.0,0.0,-3.7416851441241685,-3.7416851441241685,False
1,123,51,1,move(S),move,0.0,5.0,0.0,0.0,1.1363636363636371,1.1363636363636371,True
1,123,51,2,move(E),move,0.0,5.0,0.0,0.0,0.13636363636363713,0.13636363636363713,False
1,123,51,3,move(W),move,0.0,5.0,0.0,0.0,0.13636363636363713,0.13636363636363713,False
1,123,52,0,move(N),move,0.0,5.0,0.0,0.0,0.6363636363636371,0.6363636363636371,False
1,123,52,1,move(S),move,0.0,5.0,0.0,0.0,1.6363636363636371,1.6363636363636371,True
1,123,52,2,move(E),move,0.0,5.0,0.0,0.0,0.6363636363636371,0.6363636363636371,False
1,123,52,3,move(W),move,0.0,5.0,0.0,0.0,0.6363636363636371,0.6363636363636371,False
1,123,53,0,move(N),move,0.0,5.0,0.0,0.0,1.1363636363636371,1.1363636363636371,False
1,123,53,1,move(S),move,0.0,5.0,0.0,0.0,2.136363636363637,2.136363636363637,True
1,123,53,2,move(E),move,0.0,5.0,0.0,0.0,1.1363636363636371,1.1363636363636371,False
1,123,53,3,move(W),move,0.0,5.0,0.0,0.0,1.1363636363636371,1.1363636363636371,False
1,123,54,0,move(N),move,0.0,5.0,0.0,0.0,1.6363636363636371,1.6363636363636371,False
1,123,54,1,move(S),move,0.0,5.0,0.0,0.0,1.6363636363636371,1.6363636363636371,False
1,123,54,2,move(E),move,0.0,5.0,0.0,0.0,1.6363636363636371,1.6363636363636371,False
1,123,54,3,move(W),move,0.0,5.0,0.0,0.0,1.6363636363636371,1.6363636363636371,False
1,123,54,4,test0,observe,0.5,5.0,0.043527805742337056,0.21763902871168528,2.349991869642676,2.567630898354361,False
1,123,54,5,test1,observe,2.0,5.0,0.21108145213899848,1.0554072606949925,1.1300542555958342,2.1854615162908266,False
1,123,54,6,diagnose(nominal),commit,0.0,5.0,0.0,0.0,-46.16363636363636,-46.16363636363636,False
1,123,54,7,diagnose(faulty),commit,0.0,5.0,0.0,0.0,2.636363636363637,2.636363636363637,True
1,123,55,0,move(N),move,0.0,5.0,0.0,0.0,-2.363636363636363,-2.363636363636363,False
1,123,55,1,move(S),move,0.0,5.0,0.0,0.0,-2.363636363636363,-2.363636363636363,False
1,123,55,2,move(E),move,0.0,5.0,0.0,0.0,-1.2536176605761915,-1.2536176605761915,True
1,123,55,3,move(W),move,0.0,5.0,0.0,0.0,-2.363636363636363,-2.363636363636363,False
1,123,56,0,move(N),move,0.0,5.0,0.0,0.0,-1.8636363636363629,-1.8636363636363629,False
1,123,56,1,move(S),move,0.0,5.0,0.0,0.0,-1.8636363636363629,-1.8636363636363629,False
1,123,56,2,move(E),move,0.0,5.0,0.0,0.0,-0.1841312265028901,-0.1841312265028901,True
1,123,56,3,move(W),move,0.0,5.0,0.0,0.0,-1.8636363636363629,-1.8636363636363629,False
1,123,57,0,move(N),move,0.0,5.0,0.0,0.0,-1.2536176605761915,-1.2536176605761915,False
1,123,57,1,move(S),move,0.0,5.0,0.0,0.0,-1.2536176605761915,-1.2536176605761915,False
1,123,57,2,move(E),move,0.0,5.0,0.0,0.0,-1.2536176605761915,-1.2536176605761915,False
1,123,57,3,move(W),move,0.0,5.0,0.0,0.0,-1.2536176605761915,-1.2536176605761915,False
1,123,57,4,test0,observe,0.5,5.0,0.02110238356428601,0.10551191782143005,0.27078084478420394,0.376292762605634,True
1,123,57,5,test1,observe,2.0,5.0,0.10564010424839804,0.5282005212419902,-0.3574916498720284,0.17070887136996182,False
1,123,57,6,diagnose(nominal),commit,0.0,5.0,0.0,0.0,-0.36363636363636287,-0.36363636363636287,False
1,123,57,7,diagnose(faulty),commit,0.0,5.0,0.0,0.0,-4.545454545454546,-4.545454545454546,False
1,123,58,0,move(N),move,0.0,5.0,0.0,0.0,-0.0399999999999997,-0.0399999999999997,False
1,123,58,1,move(S),move,0.0,5.0,0.0,0.0,-0.0399999999999997,-0.0399999999999997,False
1,123,58,2,move(E),move,0.0,5.0,0.0,0.0,-0.0399999999999997,-0.0399999999999997,False
1,123,58,3,move(W),move,0.0,5.0,0.0,0.0,-0.0399999999999997,-0.0399999999999997,False
1,123,58,4,test0,observe,0.5,5.0,0.009560397372751411,0.04780198686375706,0.66928758223711,0.7170895691008671,False
1,123,58,5,test1,observe,2.0,5.0,0.04875703313598201,0.24378516567991004,-0.2630093056129107,-0.01922413993300065,False
1,123,58,6,diagnose(nominal),commit,0.0,5.0,0.0,0.0,0.9600000000000003,0.9600000000000003,True
1,123,58,7,diagnose(faulty),commit,0.0,5.0,0.0,0.0,-4.800000000000001,-4.800000000000001,False
2,456,0,1,move(S),move,0.0,5.0,0.0,0.0,-25.96088444308125,-25.96088444308125,True
2,456,0,2,move(E),move,0.0,5.0,0.0,0.0,-27.38827209906154,-27.38827209906154,False
2,456,1,0,move(N),move,0.0,5.0,0.0,0.0,-27.960884443081255,-27.960884443081255,False
2,456,1,1,move(S),move,0.0,5.0,0.0,0.0,-28.960884443081248,-28.960884443081248,False
2,456,1,2,move(E),move,0.0,5.0,0.0,0.0,-27.960884443081255,-27.960884443081255,False
2,456,1,4,test0,observe,0.5,5.0,0.10016299580296106,0.5008149790148053,-26.074952840863972,-25.574137861849167,False
2,456,1,5,test1,observe,2.0,5.0,0.45582311138374915,2.279115556918746,-27.618867255857598,-25.33975169893885,True
2,456,1,6,diagnose(nominal),commit,0.0,5.0,0.0,0.0,-40.1,-40.1,False
2,456,1,7,diagnose(faulty),commit,0.0,5.0,0.0,0.0,-28.5,-28.5,False
2,456,2,0,move(N),move,0.0,5.0,0.0,0.0,-26.324520806717615,-26.324520806717615,False
2,456,2,1,move(S),move,0.0,5.0,0.0,0.0,-27.863636363636363,-27.863636363636363,False
2,456,2,2,move(E),move,0.0,5.0,0.0,0.0,-26.324520806717615,-26.324520806717615,False
2,456,2,4,test0,observe,0.5,5.0,0.02110238356428601,0.10551191782143005,-26.289643144324323,-26.184131226502892,True
2,456,2,5,test1,observe,2.0,5.0,0.10564010424839804,0.5282005212419902,-26.867393333147444,-26.339192811905452,False
2,456,2,6,diagnose(nominal),commit,0.0,5.0,0.0,0.0,-26.863636363636363,-26.863636363636363,False
2,456,2,7,diagnose(faulty),commit,0.0,5.0,0.0,0.0,-31.045454545454547,-31.045454545454547,False
2,456,3,0,move(N),move,0.0,5.0,0.0,0.0,-29.16088444308125,-29.16088444308125,False
2,456,3,1,move(S),move,0.0,5.0,0.0,0.0,-29.824592739305007,-29.824592739305007,False
2,456,3,2,move(E),move,0.0,5.0,0.0,0.0,-29.16088444308125,-29.16088444308125,False
2,456,3,4,test0,observe,0.5,5.0,0.04352780574233739,0.21763902871168694,-26.86275942270125,-26.64512039398956,False
2,456,3,5,test1,observe,2.0,5.0,0.2110814521389986,1.055407260694993,-27.1113093807678,-26.05590212007281,True
2,456,3,6,diagnose(nominal),commit,0.0,5.0,0.0,0.0,-29.699999999999996,-29.699999999999996,False
2,456,3,7,diagnose(faulty),commit,0.0,5.0,0.0,0.0,-30.5,-30.5,False
2,456,4,0,move(N),move,0.0,5.0,0.0,0.0,-24.59503078454467,-24.59503078454467,True
2,456,4,1,move(S),move,0.0,5.0,0.0,0.0,-26.134146341463413,-26.134146341463413,False
2,456,4,2,move(E),move,0.0,5.0,0.0,0.0,-24.59503078454467,-24.59503078454467,False
2,456,4,4,test0,observe,0.5,5.0,0.005881403536678945,0.029407017683394723,-25.634146341463413,-25.60473932378002,False
2,456,4,5,test1,observe,2.0,5.0,0.030184242599264985,0.15092121299632494,-26.76367481285055,-26.612753599854223,False
2,456,4,6,diagnose(nominal),commit,0.0,5.0,0.0,0.0,-25.134146341463413,-25.134146341463413,False
2,456,4,7,diagnose(faulty),commit,0.0,5.0,0.0,0.0,-31.378048780487806,-31.378048780487806,False
2,456,5,1,move(S),move,0.0,5.0,0.0,0.0,-25.634146341463413,-25.634146341463413,False
2,456,5,2,move(E),move,0.0,5.0,0.0,0.0,-24.02241844052495,-24.02241844052495,True
2,456,6,1,move(S),move,0.0,5.0,0.0,0.0,-24.59503078454467,-24.59503078454467,False
2,456,6,2,move(E),move,0.0,5.0,0.0,0.0,-24.59503078454467,-24.59503078454467,False
2,456,6,3,move(W),move,0.0,5.0,0.0,0.0,-24.59503078454467,-24.59503078454467,False
2,456,6,4,test0,observe,0.5,5.0,0.10016299580296106,0.5008149790148053,-23.617248091319507,-23.1164331123047,False
2,456,6,5,test1,observe,2.0,5.0,0.45582311138374915,2.279115556918746,-25.212044717676285,-22.93292916075754,True
2,456,6,6,diagnose(nominal),commit,0.0,5.0,0.0,0.0,-38.234146341463415,-38.234146341463415,False
2,456,6,7,diagnose(faulty),commit,0.0,5.0,0.0,0.0,-26.634146341463413,-26.634146341463413,False
2,456,7,1,move(S),move,0.0,5.0,0.0,0.0,-23.95866714818103,-23.95866714818103,True
2,456,7,2,move(E),move,0.0,5.0,0.0,0.0,-23.95866714818103,-23.95866714818103,False
2,456,7,3,move(W),move,0.0,5.0,0.0,0.0,-24.497782705099777,-24.497782705099777,False
2,456,7,4,test0,observe,0.5,5.0,0.02110238356428601,0.10551191782143005,-24.36336549667921,-24.25785357885778,False
2,456,7,5,test1,observe,2.0,5.0,0.10564010424839804,0.5282005212419902,-24.991637991335438,-24.463437470093446,False
2,456,7,6,diagnose(nominal),commit,0.0,5.0,0.0,0.0,-24.997782705099777,-24.997782705099777,False
2,456,7,7,diagnose(faulty),commit,0.0,5.0,0.0,0.0,-29.17960088691796,-29.17960088691796,False
2,456,8,0,move(N),move,0.0,5.0,0.0,0.0,-24.818277567966305,-24.818277567966305,False
2,456,8,1,move(S),move,0.0,5.0,0.0,0.0,-24.45866714818103,-24.45866714818103,False
2,456,8,2,move(E),move,0.0,5.0,0.0,0.0,-22.45866714818103,-22.45866714818103,True
2,456,8,3,move(W),move,0.0,5.0,0.0,0.0,-23.997782705099777,-23.997782705099777,False
2,456,9,0,move(N),move,0.0,5.0,0.0,0.0,-23.95866714818103,-23.95866714818103,False
2,456,9,1,move(S),move,0.0,5.0,0.0,0.0,-23.95866714818103,-23.95866714818103,False
2,456,9,2,move(E),move,0.0,5.0,0.0,0.0,-23.95866714818103,-23.95866714818103,False
2,456,9,3,move(W),move,0.0,5.0,0.0,0.0,-23.95866714818103,-23.95866714818103,False
2,456,9,4,test0,observe,0.5,5.0,0.10016299580296106,0.5008149790148053,-22.257735545963754,-21.75692056694895,False
2,456,9,5,test1,observe,2.0,5.0,0.45582311138374915,2.279115556918746,-23.858021727678334,-21.578906170759588,True
2,456,9,6,diagnose(nominal),commit,0.0,5.0,0.0,0.0,-36.597782705099775,-36.597782705099775,False
2,456,9,7,diagnose(faulty),commit,0.0,5.0,0.0,0.0,-24.997782705099777,-24.997782705099777,False
2,456,10,0,move(N),move,0.0,5.0,0.0,0.0,-19.01749067759279,-19.01749067759279,True
2,456,10,1,move(S),move,0.0,5.0,0.0,0.0,-21.05660623451154,-21.05660623451154,False
2,456,10,2,move(E),move,0.0,5.0,0.0,0.0,-19.01749067759279,-19.01749067759279,False
2,456,10,3,move(W),move,0.0,5.0,0.0,0.0,-19.55660623451154,-19.55660623451154,False
2,456,10,4,test0,observe,0.5,5.0,0.0783959945435242,0.391979972717621,-19.905193571889896,-19.513213599172275,False
2,456,10,5,test1,observe,2.0,5.0,0.3647693136213839,1.8238465681069194,-21.25213446944481,-19.428287901337892,False
2,456,10,6,diagnose(nominal),commit,0.0,5.0,0.0,0.0,-62.291900352158606,-62.291900352158606,False
2,456,10,7,diagnose(faulty),commit,0.0,5.0,0.0,0.0,-20.05660623451154,-20.05660623451154,False
2,456,11,1,move(S),move,0.0,5.0,0.0,0.0,-20.192993783690834,-20.192993783690834,False
2,456,11,2,move(E),move,0.0,5.0,0.0,0.0,-15.517490677592793,-15.517490677592793,True
2,456,11,3,move(W),move,0.0,5.0,0.0,0.0,-19.877101097378066,-19.877101097378066,False
2,456,12,1,move(S),move,0.0,5.0,0.0,0.0,-19.01749067759279,-19.01749067759279,False
2,456,12,2,move(E),move,0.0,5.0,0.0,0.0,-19.01749067759279,-19.01749067759279,False
2,456,12,3,move(W),move,0.0,5.0,0.0,0.0,-19.01749067759279,-19.01749067759279,False
2,456,12,4,test0,observe,0.5,5.0,0.10016299580296106,0.5008149790148053,-15.736559075375515,-15.23574409636071,False
2,456,12,5,test1,observe,2.0,5.0,0.45582311138374915,2.279115556918746,-17.220473490369137,-14.94135793345039,True
2,456,12,6,diagnose(nominal),commit,0.0,5.0,0.0,0.0,-29.656606234511543,-29.656606234511543,False
2,456,12,7,diagnose(faulty),commit,0.0,5.0,0.0,0.0,-18.05660623451154,-18.05660623451154,False
2,456,13,1,move(S),move,0.0,5.0,0.0,0.0,-14.115429763923304,-14.115429763923304,False
2,456,13,2,move(E),move,0.0,5.0,0.0,0.0,-14.115429763923304,-14.115429763923304,False
2,456,13,3,move(W),move,0.0,5.0,0.0,0.0,-14.115429763923304,-14.115429763923304,False
2,456,13,4,test0,observe,0.5,5.0,0.0783959945435242,0.391979972717621,-13.27107592483107,-12.879095952113449,False
2,456,13,5,test1,observe,2.0,5.0,0.3647693136213839,1.8238465681069194,-14.310957998856578,-12.487111430749659,True
2,456,13,6,diagnose(nominal),commit,0.0,5.0,0.0,0.0,-55.350723881570374,-55.350723881570374,False
2,456,13,7,diagnose(faulty),commit,0.0,5.0,0.0,0.0,-13.115429763923304,-13.115429763923304,False
2,456,14,1,move(S),move,0.0,5.0,0.0,0.0,-12.33660623451154,-12.33660623451154,False
2,456,14,2,move(E),move,0.0,5.0,0.0,0.0,-12.33660623451154,-12.33660623451154,False
2,456,14,3,move(W),move,0.0,5.0,0.0,0.0,-12.33660623451154,-12.33660623451154,False
2,456,14,4,test0,observe,0.5,5.0,0.013262900168107938,0.06631450084053969,-11.83660623451154,-11.770291733671002,False
2,456,14,5,test1,observe,2.0,5.0,0.06722487560474495,0.33612437802372475,-13.33660623451154,-13.000481856487816,False
2,456,14,6,diagnose(nominal),commit,0.0,5.0,0.0,0.0,-64.60060623451155,-64.60060623451155,False
2,456,14,7,diagnose(faulty),commit,0.0,5.0,0.0,0.0,-11.33660623451154,-11.33660623451154,True
2,456,15,1,move(S),move,0.0,5.0,0.0,0.0,-16.05660623451154,-16.05660623451154,False
2,456,15,2,move(E),move,0.0,5.0,0.0,0.0,-17.05660623451154,-17.05660623451154,False
2,456,15,3,move(W),move,0.0,5.0,0.0,0.0,-15.94658753145137,-15.94658753145137,True
2,456,16,1,move(S),move,0.0,5.0,0.0,0.0,-15.192993783690834,-15.192993783690834,False
2,456,16,2,move(E),move,0.0,5.0,0.0,0.0,-16.55660623451154,-16.55660623451154,False
2,456,16,3,move(W),move,0.0,5.0,0.0,0.0,-14.87710109737807,-14.87710109737807,True
2,456,17,1,move(S),move,0.0,5.0,0.0,0.0,-14.556606234511541,-14.556606234511541,False
2,456,17,2,move(E),move,0.0,5.0,0.0,0.0,-15.94658753145137,-15.94658753145137,False
2,456,17,3,move(W),move,0.0,5.0,0.0,0.0,-14.556606234511541,-14.556606234511541,False
2,456,17,4,test0,observe,0.5,5.0,0.02110238356428601,0.10551191782143005,-14.422189026090976,-14.316677108269547,True
2,456,17,5,test1,observe,2.0,5.0,0.10564010424839804,0.5282005212419902,-15.050461520747206,-14.522260999505216,False
2,456,17,6,diagnose(nominal),commit,0.0,5.0,0.0,0.0,-15.056606234511541,-15.056606234511541,False
2,456,17,7,diagnose(faulty),commit,0.0,5.0,0.0,0.0,-19.238424416329725,-19.238424416329725,False
2,456,18,1,move(S),move,0.0,5.0,0.0,0.0,-13.232969870875177,-13.232969870875177,True
2,456,18,2,move(E),move,0.0,5.0,0.0,0.0,-14.732969870875175,-14.732969870875175,False
2,456,18,3,move(W),move,0.0,5.0,0.0,0.0,-13.232969870875177,-13.232969870875177,False
2,456,18,4,test0,observe,0.5,5.0,0.009560397372751411,0.04780198686375706,-14.023682288638067,-13.97588030177431,False
2,456,18,5,test1,observe,2.0,5.0,0.04875703313598201,0.24378516567991004,-14.95597917648809,-14.71219401080818,False
2,456,18,6,diagnose(nominal),commit,0.0,5.0,0.0,0.0,-13.732969870875177,-13.732969870875177,False
2,456,18,7,diagnose(faulty),commit,0.0,5.0,0.0,0.0,-19.49296987087518,-19.49296987087518,False
2,456,19,0,move(N),move,0.0,5.0,0.0,0.0,-14.232969870875177,-14.232969870875177,False
2,456,19,1,move(S),move,0.0,5.0,0.0,0.0,-13.193854313956432,-13.193854313956432,False
2,456,19,2,move(E),move,0.0,5.0,0.0,0.0,-13.869357420054472,-13.869357420054472,False
2,456,19,3,move(W),move,0.0,5.0,0.0,0.0,-12.732969870875177,-12.732969870875177,True
2,456,20,0,move(N),move,0.0,5.0,0.0,0.0,-13.232969870875177,-13.232969870875177,False
2,456,20,1,move(S),move,0.0,5.0,0.0,0.0,-13.232969870875177,-13.232969870875177,False
2,456,20,2,move(E),move,0.0,5.0,0.0,0.0,-13.232969870875177,-13.232969870875177,False
2,456,20,4,test0,observe,0.5,5.0,0.005881403536678945,0.029407017683394723,-12.732969870875179,-12.703562853191784,False
2,456,20,5,test1,observe,2.0,5.0,0.030184242599264985,0.15092121299632494,-13.862498342262313,-13.711577129265988,False
2,456,20,6,diagnose(nominal),commit,0.0,5.0,0.0,0.0,-12.232969870875177,-12.232969870875177,True
2,456,20,7,diagnose(faulty),commit,0.0,5.0,0.0,0.0,-18.47687230989957,-18.47687230989957,False
2,456,21,0,move(N),move,0.0,5.0,0.0,0.0,-13.598823529411762,-13.598823529411762,True
2,456,21,1,move(S),move,0.0,5.0,0.0,0.0,-14.598823529411764,-14.598823529411764,False
2,456,21,2,move(E),move,0.0,5.0,0.0,0.0,-13.598823529411762,-13.598823529411762,False
2,456,22,1,move(S),move,0.0,5.0,0.0,0.0,-14.098823529411762,-14.098823529411762,False
2,456,22,2,move(E),move,0.0,5.0,0.0,0.0,-13.098823529411762,-13.098823529411762,True
2,456,23,1,move(S),move,0.0,5.0,0.0,0.0,-13.598823529411762,-13.598823529411762,False
2,456,23,2,move(E),move,0.0,5.0,0.0,0.0,-13.598823529411762,-13.598823529411762,False
2,456,23,3,move(W),move,0.0,5.0,0.0,0.0,-13.598823529411762,-13.598823529411762,False
2,456,23,4,test0,observe,0.5,5.0,0.009560397372751411,0.04780198686375706,-12.889535947174652,-12.841733960310895,False
2,456,23,5,test1,observe,2.0,5.0,0.04875703313598201,0.24378516567991004,-13.821832835024672,-13.578047669344762,False
2,456,23,6,diagnose(nominal),commit,0.0,5.0,0.0,0.0,-12.598823529411762,-12.598823529411762,True
2,456,23,7,diagnose(faulty),commit,0.0,5.0,0.0,0.0,-18.358823529411765,-18.358823529411765,False
2,456,24,1,move(S),move,0.0,5.0,0.0,0.0,-12.558823529411763,-12.558823529411763,True
2,456,24,2,move(E),move,0.0,5.0,0.0,0.0,-12.558823529411763,-12.558823529411763,False
2,456,24,3,move(W),move,0.0,5.0,0.0,0.0,-14.558823529411763,-14.558823529411763,False
2,456,25,0,move(N),move,0.0,5.0,0.0,0.0,-14.058823529411763,-14.058823529411763,False
2,456,25,1,move(S),move,0.0,5.0,0.0,0.0,-11.019707972493016,-11.019707972493016,True
2,456,25,2,move(E),move,0.0,5.0,0.0,0.0,-11.695211078591058,-11.695211078591058,False
2,456,25,3,move(W),move,0.0,5.0,0.0,0.0,-14.058823529411763,-14.058823529411763,False
2,456,26,0,move(N),move,0.0,5.0,0.0,0.0,-12.558823529411763,-12.558823529411763,False
2,456,26,1,move(S),move,0.0,5.0,0.0,0.0,-10.447095628473303,-10.447095628473303,True
2,456,26,2,move(E),move,0.0,5.0,0.0,0.0,-12.558823529411763,-12.558823529411763,False
2,456,26,3,move(W),move,0.0,5.0,0.0,0.0,-13.558823529411763,-13.558823529411763,False
2,456,27,0,move(N),move,0.0,5.0,0.0,0.0,-11.019707972493016,-11.019707972493016,False
2,456,27,1,move(S),move,0.0,5.0,0.0,0.0,-11.019707972493016,-11.019707972493016,False
2,456,27,2,move(E),move,0.0,5.0,0.0,0.0,-10.019707972493016,-10.019707972493016,False
2,456,27,3,move(W),move,0.0,5.0,0.0,0.0,-11.019707972493016,-11.019707972493016,False
2,456,27,4,test0,observe,0.5,5.0,0.10016299580296106,0.5008149790148053,-10.04192527926786,-9.541110300253054,False
2,456,27,5,test1,observe,2.0,5.0,0.45582311138374915,2.279115556918746,-11.636721905624633,-9.357606348705886,True
2,456,27,6,diagnose(nominal),commit,0.0,5.0,0.0,0.0,-24.658823529411762,-24.658823529411762,False
2,456,27,7,diagnose(faulty),commit,0.0,5.0,0.0,0.0,-13.058823529411763,-13.058823529411763,False
2,456,28,0,move(N),move,0.0,5.0,0.0,0.0,-11.422459893048126,-11.422459893048126,False
2,456,28,1,move(S),move,0.0,5.0,0.0,0.0,-10.38334433612938,-10.38334433612938,False
2,456,28,2,move(E),move,0.0,5.0,0.0,0.0,-8.38334433612938,-8.38334433612938,True
2,456,28,3,move(W),move,0.0,5.0,0.0,0.0,-10.38334433612938,-10.38334433612938,False
2,456,28,4,test0,observe,0.5,5.0,0.02110238356428601,0.10551191782143005,-10.788042684627559,-10.68253076680613,False
2,456,28,5,test1,observe,2.0,5.0,0.10564010424839804,0.5282005212419902,-11.416315179283792,-10.888114658041802,False
2,456,28,6,diagnose(nominal),commit,0.0,5.0,0.0,0.0,-11.422459893048126,-11.422459893048126,False
2,456,28,7,diagnose(faulty),commit,0.0,5.0,0.0,0.0,-15.604278074866308,-15.604278074866308,False
2,456,29,0,move(N),move,0.0,5.0,0.0,0.0,-10.922459893048126,-10.922459893048126,False
2,456,29,1,move(S),move,0.0,5.0,0.0,0.0,-11.922459893048126,-11.922459893048126,False
2,456,29,2,move(E),move,0.0,5.0,0.0,0.0,-6.883344336129379,-6.883344336129379,True
2,456,29,3,move(W),move,0.0,5.0,0.0,0.0,-11.242954755914655,-11.242954755914655,False
2,456,30,0,move(N),move,0.0,5.0,0.0,0.0,-7.383344336129379,-7.383344336129379,False
2,456,30,1,move(S),move,0.0,5.0,0.0,0.0,-8.38334433612938,-8.38334433612938,False
2,456,30,2,move(E),move,0.0,5.0,0.0,0.0,-7.383344336129379,-7.383344336129379,False
2,456,30,3,move(W),move,0.0,5.0,0.0,0.0,-8.38334433612938,-8.38334433612938,False
2,456,30,4,test0,observe,0.5,5.0,0.10016299580296106,0.5008149790148053,-6.682412733912102,-6.181597754897297,False
2,456,30,5,test1,observe,2.0,5.0,0.45582311138374915,2.279115556918746,-8.282698915626685,-6.00358335870794,True
2,456,30,6,diagnose(nominal),commit,0.0,5.0,0.0,0.0,-21.022459893048126,-21.022459893048126,False
2,456,30,7,diagnose(faulty),commit,0.0,5.0,0.0,0.0,-9.422459893048126,-9.422459893048126,False
2,456,31,0,move(N),move,0.0,5.0,0.0,0.0,-5.746980699765741,-5.746980699765741,True
2,456,31,1,move(S),move,0.0,5.0,0.0,0.0,-8.78609625668449,-8.78609625668449,False
2,456,31,2,move(E),move,0.0,5.0,0.0,0.0,-5.746980699765741,-5.746980699765741,False
2,456,31,3,move(W),move,0.0,5.0,0.0,0.0,-8.78609625668449,-8.78609625668449,False
2,456,31,4,test0,observe,0.5,5.0,0.02110238356428601,0.10551191782143005,-7.208951775536651,-7.1034398577152205,False
2,456,31,5,test1,observe,2.0,5.0,0.10564010424839804,0.5282005212419902,-7.78985322619557,-7.26165270495358,False
2,456,31,6,diagnose(nominal),commit,0.0,5.0,0.0,0.0,-7.786096256684489,-7.786096256684489,False
2,456,31,7,diagnose(faulty),commit,0.0,5.0,0.0,0.0,-11.967914438502671,-11.967914438502671,False
2,456,32,0,move(N),move,0.0,5.0,0.0,0.0,-9.28609625668449,-9.28609625668449,False
2,456,32,1,move(S),move,0.0,5.0,0.0,0.0,-7.8980163413172155,-7.8980163413172155,False
2,456,32,2,move(E),move,0.0,5.0,0.0,0.0,-5.1743683557460285,-5.1743683557460285,True
2,456,32,3,move(W),move,0.0,5.0,0.0,0.0,-9.28609625668449,-9.28609625668449,False
2,456,33,0,move(N),move,0.0,5.0,0.0,0.0,-5.746980699765741,-5.746980699765741,False
2,456,33,1,move(S),move,0.0,5.0,0.0,0.0,-5.746980699765741,-5.746980699765741,False
2,456,33,3,move(W),move,0.0,5.0,0.0,0.0,-5.746980699765741,-5.746980699765741,False
2,456,33,4,test0,observe,0.5,5.0,0.10016299580296106,0.5008149790148053,-4.769198006540586,-4.268383027525781,False
2,456,33,5,test1,observe,2.0,5.0,0.45582311138374915,2.279115556918746,-6.363994632897357,-4.084879075978611,True
2,456,33,6,diagnose(nominal),commit,0.0,5.0,0.0,0.0,-19.38609625668449,-19.38609625668449,False
2,456,33,7,diagnose(faulty),commit,0.0,5.0,0.0,0.0,-7.7860962566844885,-7.7860962566844885,False
2,456,34,0,move(N),move,0.0,5.0,0.0,0.0,-7.03971391726068,-7.03971391726068,False
2,456,34,1,move(S),move,0.0,5.0,0.0,0.0,-7.03971391726068,-7.03971391726068,False
2,456,34,3,move(W),move,0.0,5.0,0.0,0.0,-7.03971391726068,-7.03971391726068,False
2,456,34,4,test0,observe,0.5,5.0,0.02110238356428601,0.10551191782143005,-5.515315411900286,-5.409803494078855,True
2,456,34,5,test1,observe,2.0,5.0,0.10564010424839804,0.5282005212419902,-6.143587906556517,-5.615387385314527,False
2,456,34,6,diagnose(nominal),commit,0.0,5.0,0.0,0.0,-6.149732620320851,-6.149732620320851,False
2,456,34,7,diagnose(faulty),commit,0.0,5.0,0.0,0.0,-10.331550802139034,-10.331550802139034,False
2,456,35,0,move(N),move,0.0,5.0,0.0,0.0,-5.826096256684489,-5.826096256684489,False
2,456,35,1,move(S),move,0.0,5.0,0.0,0.0,-5.8260962566844885,-5.8260962566844885,False
2,456,35,3,move(W),move,0.0,5.0,0.0,0.0,-5.8260962566844885,-5.8260962566844885,False
2,456,35,4,test0,observe,0.5,5.0,0.009560397372751411,0.04780198686375706,-5.1168086744473795,-5.069006687583623,False
2,456,35,5,test1,observe,2.0,5.0,0.04875703313598201,0.24378516567991004,-6.049105562297399,-5.805320396617489,False
2,456,35,6,diagnose(nominal),commit,0.0,5.0,0.0,0.0,-4.8260962566844885,-4.8260962566844885,True
2,456,35,7,diagnose(faulty),commit,0.0,5.0,0.0,0.0,-10.586096256684488,-10.586096256684488,False
2,456,36,0,move(N),move,0.0,5.0,0.0,0.0,-5.7860962566844885,-5.7860962566844885,True
2,456,36,1,move(S),move,0.0,5.0,0.0,0.0,-5.786096256684489,-5.786096256684489,False
2,456,36,3,move(W),move,0.0,5.0,0.0,0.0,-5.7860962566844885,-5.7860962566844885,False
2,456,37,0,move(N),move,0.0,5.0,0.0,0.0,-6.2860962566844885,-6.2860962566844885,False
2,456,37,1,move(S),move,0.0,5.0,0.0,0.0,-6.2860962566844885,-6.2860962566844885,False
2,456,37,3,move(W),move,0.0,5.0,0.0,0.0,-5.286096256684489,-5.286096256684489,True
2,456,38,0,move(N),move,0.0,5.0,0.0,0.0,-5.7860962566844885,-5.7860962566844885,False
2,456,38,1,move(S),move,0.0,5.0,0.0,0.0,-5.7860962566844885,-5.7860962566844885,False
2,456,38,2,move(E),move,0.0,5.0,0.0,0.0,-5.7860962566844885,-5.7860962566844885,False
2,456,38,3,move(W),move,0.0,5.0,0.0,0.0,-4.157777923510844,-4.157777923510844,True
2,456,39,0,move(N),move,0.0,5.0,0.0,0.0,-5.286096256684489,-5.286096256684489,False
2,456,39,1,move(S),move,0.0,5.0,0.0,0.0,-5.286096256684489,-5.286096256684489,False
2,456,39,2,move(E),move,0.0,5.0,0.0,0.0,-5.286096256684489,-5.286096256684489,False
2,456,39,3,move(W),move,0.0,5.0,0.0,0.0,-5.286096256684489,-5.286096256684489,False
2,456,39,4,test0,observe,0.5,5.0,0.0783959945435242,0.391979972717621,-3.9811541822981376,-3.5891742095805164,True
2,456,39,5,test1,observe,2.0,5.0,0.3647693136213839,1.8238465681069194,-5.462403577024309,-3.63855700891739,False
2,456,39,6,diagnose(nominal),commit,0.0,5.0,0.0,0.0,-46.52139037433156,-46.52139037433156,False
2,456,39,7,diagnose(faulty),commit,0.0,5.0,0.0,0.0,-4.286096256684489,-4.286096256684489,False
2,456,40,0,move(N),move,0.0,5.0,0.0,0.0,-6.482264334904421,-6.482264334904421,False
2,456,40,1,move(S),move,0.0,5.0,0.0,0.0,-6.482264334904421,-6.482264334904421,False
2,456,40,2,move(E),move,0.0,5.0,0.0,0.0,-6.482264334904421,-6.482264334904421,False
2,456,40,3,move(W),move,0.0,5.0,0.0,0.0,-6.482264334904421,-6.482264334904421,False
2,456,40,4,test0,observe,0.5,5.0,0.11170452775572826,0.5585226387786413,-4.798908992683504,-4.240386353904863,False
2,456,40,5,test1,observe,2.0,5.0,0.5028478323198144,2.5142391615990722,-6.359228015932802,-3.8449888543337294,True
2,456,40,6,diagnose(nominal),commit,0.0,5.0,0.0,0.0,-37.62727272727274,-37.62727272727274,False
2,456,40,7,diagnose(faulty),commit,0.0,5.0,0.0,0.0,-5.996503496503492,-5.996503496503492,False
2,456,41,0,move(N),move,0.0,5.0,0.0,0.0,-3.8570927786866083,-3.8570927786866083,False
2,456,41,1,move(S),move,0.0,5.0,0.0,0.0,-3.8570927786866083,-3.8570927786866083,False
2,456,41,2,move(E),move,0.0,5.0,0.0,0.0,-3.8570927786866083,-3.8570927786866083,False
2,456,41,3,move(W),move,0.0,5.0,0.0,0.0,-3.8570927786866083,-3.8570927786866083,False
2,456,41,4,test0,observe,0.5,5.0,0.02864840078346792,0.1432420039173396,-3.357092778686609,-3.2138507747692695,False
2,456,41,5,test1,observe,2.0,5.0,0.14180884490868154,0.7090442245434077,-4.540496024493517,-3.831451799950109,False
2,456,41,6,diagnose(nominal),commit,0.0,5.0,0.0,0.0,-53.95220845992054,-53.95220845992054,False
2,456,41,7,diagnose(faulty),commit,0.0,5.0,0.0,0.0,-2.8570927786866083,-2.8570927786866083,True
2,456,42,0,move(N),move,0.0,5.0,0.0,0.0,-8.227272727272727,-8.227272727272727,False
2,456,42,1,move(S),move,0.0,5.0,0.0,0.0,-7.227272727272727,-7.227272727272727,True
2,456,42,2,move(E),move,0.0,5.0,0.0,0.0,-8.227272727272727,-8.227272727272727,False
2,456,42,3,move(W),move,0.0,5.0,0.0,0.0,-7.227272727272727,-7.227272727272727,False
2,456,43,0,move(N),move,0.0,5.0,0.0,0.0,-7.727272727272727,-7.727272727272727,False
2,456,43,1,move(S),move,0.0,5.0,0.0,0.0,-6.617254024212555,-6.617254024212555,True
2,456,43,2,move(E),move,0.0,5.0,0.0,0.0,-6.727272727272727,-6.727272727272727,False
2,456,43,3,move(W),move,0.0,5.0,0.0,0.0,-6.617254024212555,-6.617254024212555,False
2,456,44,0,move(N),move,0.0,5.0,0.0,0.0,-7.227272727272727,-7.227272727272727,False
2,456,44,1,move(S),move,0.0,5.0,0.0,0.0,-6.227272727272726,-6.227272727272726,False
2,456,44,2,move(E),move,0.0,5.0,0.0,0.0,-5.839192811905453,-5.839192811905453,False
2,456,44,3,move(W),move,0.0,5.0,0.0,0.0,-5.5477675901392525,-5.5477675901392525,True
2,456,45,0,move(N),move,0.0,5.0,0.0,0.0,-6.617254024212555,-6.617254024212555,False
2,456,45,1,move(S),move,0.0,5.0,0.0,0.0,-2.6881571703539793,-2.6881571703539793,True
2,456,45,2,move(E),move,0.0,5.0,0.0,0.0,-6.617254024212555,-6.617254024212555,False
2,456,45,3,move(W),move,0.0,5.0,0.0,0.0,-2.6881571703539793,-2.6881571703539793,False
2,456,45,4,test0,observe,0.5,5.0,0.02110238356428601,0.10551191782143005,-5.09285551885216,-4.987343601030729,False
2,456,45,5,test1,observe,2.0,5.0,0.10564010424839804,0.5282005212419902,-5.721128013508391,-5.192927492266401,False
2,456,45,6,diagnose(nominal),commit,0.0,5.0,0.0,0.0,-5.727272727272727,-5.727272727272727,False
2,456,45,7,diagnose(faulty),commit,0.0,5.0,0.0,0.0,-9.90909090909091,-9.90909090909091,False
2,456,46,0,move(N),move,0.0,5.0,0.0,0.0,-5.5477675901392525,-5.5477675901392525,False
2,456,46,2,move(E),move,0.0,5.0,0.0,0.0,-6.227272727272726,-6.227272727272726,False
2,456,46,3,move(W),move,0.0,5.0,0.0,0.0,-2.1155448263342658,-2.1155448263342658,True
2,456,47,0,move(N),move,0.0,5.0,0.0,0.0,-2.6881571703539793,-2.6881571703539793,False
2,456,47,2,move(E),move,0.0,5.0,0.0,0.0,-2.6881571703539793,-2.6881571703539793,False
2,456,47,4,test0,observe,0.5,5.0,0.10016299580296106,0.5008149790148053,-1.7103744771288223,-1.209559498114017,False
2,456,47,5,test1,observe,2.0,5.0,0.45582311138374915,2.279115556918746,-3.3051711034855935,-1.0260555465668477,True
2,456,47,6,diagnose(nominal),commit,0.0,5.0,0.0,0.0,-16.327272727272724,-16.327272727272724,False
2,456,47,7,diagnose(faulty),commit,0.0,5.0,0.0,0.0,-4.727272727272726,-4.727272727272726,False
2,456,48,0,move(N),move,0.0,5.0,0.0,0.0,-3.980890387848917,-3.980890387848917,False
2,456,48,2,move(E),move,0.0,5.0,0.0,0.0,-3.980890387848917,-3.980890387848917,False
2,456,48,4,test0,observe,0.5,5.0,0.02110238356428601,0.10551191782143005,-2.456491882488522,-2.350979964667092,True
2,456,48,5,test1,observe,2.0,5.0,0.10564010424839804,0.5282005212419902,-3.0847643771447544,-2.556563855902764,False
2,456,48,6,diagnose(nominal),commit,0.0,5.0,0.0,0.0,-3.0909090909090886,-3.0909090909090886,False
2,456,48,7,diagnose(faulty),commit,0.0,5.0,0.0,0.0,-7.272727272727272,-7.272727272727272,False
2,456,49,0,move(N),move,0.0,5.0,0.0,0.0,-2.7672727272727253,-2.7672727272727253,False
2,456,49,2,move(E),move,0.0,5.0,0.0,0.0,-2.7672727272727253,-2.7672727272727253,False
2,456,49,4,test0,observe,0.5,5.0,0.009560397372751411,0.04780198686375706,-2.057985145035616,-2.0101831581718588,False
2,456,49,5,test1,observe,2.0,5.0,0.04875703313598201,0.24378516567991004,-2.9902820328856365,-2.7464968672057264,False
2,456,49,6,diagnose(nominal),commit,0.0,5.0,0.0,0.0,-1.7672727272727253,-1.7672727272727253,True
2,456,49,7,diagnose(faulty),commit,0.0,5.0,0.0,0.0,-7.5272727272727264,-7.5272727272727264,False
2,456,50,0,move(N),move,0.0,5.0,0.0,0.0,-2.617254024212554,-2.617254024212554,True
2,456,50,2,move(E),move,0.0,5.0,0.0,0.0,-2.617254024212554,-2.617254024212554,False
2,456,51,0,move(N),move,0.0,5.0,0.0,0.0,-3.2272727272727257,-3.2272727272727257,False
2,456,51,1,move(S),move,0.0,5.0,0.0,0.0,-3.2272727272727257,-3.2272727272727257,False
2,456,51,2,move(E),move,0.0,5.0,0.0,0.0,-1.547767590139253,-1.547767590139253,True
2,456,52,0,move(N),move,0.0,5.0,0.0,0.0,-2.617254024212554,-2.617254024212554,False
2,456,52,1,move(S),move,0.0,5.0,0.0,0.0,-2.617254024212554,-2.617254024212554,False
2,456,52,2,move(E),move,0.0,5.0,0.0,0.0,-2.617254024212554,-2.617254024212554,False
2,456,52,3,move(W),move,0.0,5.0,0.0,0.0,-2.617254024212554,-2.617254024212554,False
2,456,52,4,test0,observe,0.5,5.0,0.02110238356428601,0.10551191782143005,-1.092855518852159,-0.9873436010307288,True
2,456,52,5,test1,observe,2.0,5.0,0.10564010424839804,0.5282005212419902,-1.7211280135083913,-1.192927492266401,False
2,456,52,6,diagnose(nominal),commit,0.0,5.0,0.0,0.0,-1.7272727272727257,-1.7272727272727257,False
2,456,52,7,diagnose(faulty),commit,0.0,5.0,0.0,0.0,-5.909090909090908,-5.909090909090908,False
2,456,53,0,move(N),move,0.0,5.0,0.0,0.0,-2.18822910294137,-2.18822910294137,False
2,456,53,1,move(S),move,0.0,5.0,0.0,0.0,-2.18822910294137,-2.18822910294137,False
2,456,53,2,move(E),move,0.0,5.0,0.0,0.0,-2.18822910294137,-2.18822910294137,False
2,456,53,3,move(W),move,0.0,5.0,0.0,0.0,-2.18822910294137,-2.18822910294137,False
2,456,53,4,test0,observe,0.5,5.0,0.04352780574233739,0.21763902871168694,-1.3739347398492305,-1.1562957111375436,False
2,456,53,5,test1,observe,2.0,5.0,0.2110814521389986,1.055407260694993,-1.7499457444041664,-0.6945384837091735,True
2,456,53,6,diagnose(nominal),commit,0.0,5.0,0.0,0.0,-4.563636363636361,-4.563636363636361,False
2,456,53,7,diagnose(faulty),commit,0.0,5.0,0.0,0.0,-5.363636363636363,-5.363636363636363,False
2,456,54,0,move(N),move,0.0,5.0,0.0,0.0,-0.9977827050997772,-0.9977827050997772,False
2,456,54,1,move(S),move,0.0,5.0,0.0,0.0,-0.9977827050997772,-0.9977827050997772,False
2,456,54,2,move(E),move,0.0,5.0,0.0,0.0,-0.9977827050997772,-0.9977827050997772,False
2,456,54,3,move(W),move,0.0,5.0,0.0,0.0,-0.9977827050997772,-0.9977827050997772,False
2,456,54,4,test0,observe,0.5,5.0,0.005881403536678945,0.029407017683394723,-0.4977827050997771,-0.4683756874163824,False
2,456,54,5,test1,observe,2.0,5.0,0.030184242599264985,0.15092121299632494,-1.6064680582926827,-1.4555468452963578,False
2,456,54,6,diagnose(nominal),commit,0.0,5.0,0.0,0.0,0.0022172949002228215,0.0022172949002228215,True
2,456,54,7,diagnose(faulty),commit,0.0,5.0,0.0,0.0,-6.241685144124169,-6.241685144124169,False
2,456,55,0,move(N),move,0.0,5.0,0.0,0.0,-2.363636363636363,-2.363636363636363,False
2,456,55,1,move(S),move,0.0,5.0,0.0,0.0,-2.363636363636363,-2.363636363636363,False
2,456,55,2,move(E),move,0.0,5.0,0.0,0.0,-1.2536176605761915,-1.2536176605761915,True
2,456,55,3,move(W),move,0.0,5.0,0.0,0.0,-2.363636363636363,-2.363636363636363,False
2,456,56,0,move(N),move,0.0,5.0,0.0,0.0,-1.8636363636363629,-1.8636363636363629,False
2,456,56,1,move(S),move,0.0,5.0,0.0,0.0,-1.8636363636363629,-1.8636363636363629,False
2,456,56,2,move(E),move,0.0,5.0,0.0,0.0,-0.1841312265028901,-0.1841312265028901,True
2,456,56,3,move(W),move,0.0,5.0,0.0,0.0,-1.8636363636363629,-1.8636363636363629,False
2,456,57,0,move(N),move,0.0,5.0,0.0,0.0,-1.2536176605761915,-1.2536176605761915,False
2,456,57,1,move(S),move,0.0,5.0,0.0,0.0,-1.2536176605761915,-1.2536176605761915,False
2,456,57,2,move(E),move,0.0,5.0,0.0,0.0,-1.2536176605761915,-1.2536176605761915,False
2,456,57,3,move(W),move,0.0,5.0,0.0,0.0,-1.2536176605761915,-1.2536176605761915,False
2,456,57,4,test0,observe,0.5,5.0,0.02110238356428601,0.10551191782143005,0.27078084478420394,0.376292762605634,True
2,456,57,5,test1,observe,2.0,5.0,0.10564010424839804,0.5282005212419902,-0.3574916498720284,0.17070887136996182,False
2,456,57,6,diagnose(nominal),commit,0.0,5.0,0.0,0.0,-0.36363636363636287,-0.36363636363636287,False
2,456,57,7,diagnose(faulty),commit,0.0,5.0,0.0,0.0,-4.545454545454546,-4.545454545454546,False
2,456,58,0,move(N),move,0.0,5.0,0.0,0.0,-0.0399999999999997,-0.0399999999999997,False
2,456,58,1,move(S),move,0.0,5.0,0.0,0.0,-0.0399999999999997,-0.0399999999999997,False
2,456,58,2,move(E),move,0.0,5.0,0.0,0.0,-0.0399999999999997,-0.0399999999999997,False
2,456,58,3,move(W),move,0.0,5.0,0.0,0.0,-0.0399999999999997,-0.0399999999999997,False
2,456,58,4,test0,observe,0.5,5.0,0.009560397372751411,0.04780198686375706,0.66928758223711,0.7170895691008671,False
2,456,58,5,test1,observe,2.0,5.0,0.04875703313598201,0.24378516567991004,-0.2630093056129107,-0.01922413993300065,False
2,456,58,6,diagnose(nominal),commit,0.0,5.0,0.0,0.0,0.9600000000000003,0.9600000000000003,True
2,456,58,7,diagnose(faulty),commit,0.0,5.0,0.0,0.0,-4.800000000000001,-4.800000000000001,False
